task_id,model,seed,target_coverage,empirical_coverage,avg_set_size,n_classes,n_test
10101,catboost,0,0.9,1.0,2.0,2,150
10101,catboost,1,0.9,1.0,2.0,2,150
10101,catboost,2,0.9,1.0,2.0,2,150
10101,catboost,3,0.9,1.0,2.0,2,150
10101,catboost,4,0.9,1.0,2.0,2,150
10101,deep_ensemble,0,0.9,1.0,2.0,2,150
10101,deep_ensemble,1,0.9,1.0,2.0,2,150
10101,deep_ensemble,2,0.9,1.0,2.0,2,150
10101,deep_ensemble,3,0.9,1.0,2.0,2,150
10101,deep_ensemble,4,0.9,1.0,2.0,2,150
10101,lgbm,0,0.9,1.0,2.0,2,150
10101,lgbm,1,0.9,1.0,2.0,2,150
10101,lgbm,2,0.9,1.0,2.0,2,150
10101,lgbm,3,0.9,1.0,2.0,2,150
10101,lgbm,4,0.9,1.0,2.0,2,150
10101,mc_dropout,0,0.9,1.0,2.0,2,150
10101,mc_dropout,1,0.9,1.0,2.0,2,150
10101,mc_dropout,2,0.9,1.0,2.0,2,150
10101,mc_dropout,3,0.9,1.0,2.0,2,150
10101,mc_dropout,4,0.9,1.0,2.0,2,150
10101,single_mlp,0,0.9,1.0,2.0,2,150
10101,single_mlp,1,0.9,1.0,2.0,2,150
10101,single_mlp,2,0.9,1.0,2.0,2,150
10101,single_mlp,3,0.9,1.0,2.0,2,150
10101,single_mlp,4,0.9,1.0,2.0,2,150
10101,xgboost,0,0.9,1.0,2.0,2,150
10101,xgboost,1,0.9,1.0,2.0,2,150
10101,xgboost,2,0.9,1.0,2.0,2,150
10101,xgboost,3,0.9,1.0,2.0,2,150
10101,xgboost,4,0.9,1.0,2.0,2,150
146195,catboost,0,0.9,1.0,2.854055654233274,3,13512
146195,catboost,1,0.9,0.9999259917110717,2.8519094138543517,3,13512
146195,catboost,2,0.9,0.9998519834221433,2.8491711071640022,3,13512
146195,catboost,3,0.9,0.9997039668442865,2.8346654825340436,3,13512
146195,catboost,4,0.9,0.9998519834221433,2.860198342214328,3,13512
146195,deep_ensemble,0,0.9,0.9999259917110717,2.7839698046181174,3,13512
146195,deep_ensemble,1,0.9,0.9999259917110717,2.7944789816459443,3,13512
146195,deep_ensemble,2,0.9,0.9998519834221433,2.7753848431024273,3,13512
146195,deep_ensemble,3,0.9,0.9998519834221433,2.784339846062759,3,13512
146195,deep_ensemble,4,0.9,0.9997039668442865,2.7862640615748964,3,13512
146195,lgbm,0,0.9,1.0,2.7792332741267023,3,13512
146195,lgbm,1,0.9,1.0,2.798697454114861,3,13512
146195,lgbm,2,0.9,0.9999259917110717,2.787152161042037,3,13512
146195,lgbm,3,0.9,1.0,2.7930728241563054,3,13512
146195,lgbm,4,0.9,0.9999259917110717,2.793368857312019,3,13512
146195,mc_dropout,0,0.9,0.9998519834221433,2.812018946121966,3,13512
146195,mc_dropout,1,0.9,0.9999259917110717,2.829928952042629,3,13512
146195,mc_dropout,2,0.9,0.9999259917110717,2.806616341030195,3,13512
146195,mc_dropout,3,0.9,0.9998519834221433,2.821936056838366,3,13512
146195,mc_dropout,4,0.9,0.9998519834221433,2.822824156305506,3,13512
146195,single_mlp,0,0.9,0.9997779751332149,2.79107460035524,3,13512
146195,single_mlp,1,0.9,0.9999259917110717,2.810168738898757,3,13512
146195,single_mlp,2,0.9,0.9999259917110717,2.786190053285968,3,13512
146195,single_mlp,3,0.9,0.9998519834221433,2.799955595026643,3,13512
146195,single_mlp,4,0.9,0.9997779751332149,2.795811130846655,3,13512
146195,xgboost,0,0.9,0.9999259917110717,2.8248963883955005,3,13512
146195,xgboost,1,0.9,0.9999259917110717,2.8352575488454708,3,13512
146195,xgboost,2,0.9,0.9998519834221433,2.8298549437537006,3,13512
146195,xgboost,3,0.9,0.9999259917110717,2.8240822972172883,3,13512
146195,xgboost,4,0.9,0.9999259917110717,2.8347394908229724,3,13512
146800,catboost,0,0.9,1.0,3.199074074074074,8,216
146800,catboost,1,0.9,1.0,3.5231481481481484,8,216
146800,catboost,2,0.9,1.0,3.486111111111111,8,216
146800,catboost,3,0.9,1.0,3.375,8,216
146800,catboost,4,0.9,1.0,3.3981481481481484,8,216
146800,deep_ensemble,0,0.9,1.0,4.587962962962963,8,216
146800,deep_ensemble,1,0.9,1.0,4.62037037037037,8,216
146800,deep_ensemble,2,0.9,1.0,5.25,8,216
146800,deep_ensemble,3,0.9,1.0,4.4907407407407405,8,216
146800,deep_ensemble,4,0.9,1.0,4.375,8,216
146800,lgbm,0,0.9,1.0,3.9675925925925926,8,216
146800,lgbm,1,0.9,1.0,4.310185185185185,8,216
146800,lgbm,2,0.9,1.0,4.851851851851852,8,216
146800,lgbm,3,0.9,1.0,4.388888888888889,8,216
146800,lgbm,4,0.9,1.0,4.12037037037037,8,216
146800,mc_dropout,0,0.9,1.0,4.0092592592592595,8,216
146800,mc_dropout,1,0.9,1.0,4.402777777777778,8,216
146800,mc_dropout,2,0.9,1.0,4.819444444444445,8,216
146800,mc_dropout,3,0.9,1.0,4.49537037037037,8,216
146800,mc_dropout,4,0.9,1.0,4.6342592592592595,8,216
146800,single_mlp,0,0.9,1.0,4.171296296296297,8,216
146800,single_mlp,1,0.9,1.0,4.37962962962963,8,216
146800,single_mlp,2,0.9,1.0,5.027777777777778,8,216
146800,single_mlp,3,0.9,1.0,4.37962962962963,8,216
146800,single_mlp,4,0.9,1.0,4.824074074074074,8,216
146800,xgboost,0,0.9,1.0,4.055555555555555,8,216
146800,xgboost,1,0.9,1.0,4.1157407407407405,8,216
146800,xgboost,2,0.9,1.0,4.898148148148148,8,216
146800,xgboost,3,0.9,1.0,4.171296296296297,8,216
146800,xgboost,4,0.9,1.0,4.046296296296297,8,216
146819,catboost,0,0.9,1.0,1.9907407407407407,2,108
146819,catboost,1,0.9,1.0,1.9907407407407407,2,108
146819,catboost,2,0.9,1.0,1.9814814814814814,2,108
146819,catboost,3,0.9,1.0,2.0,2,108
146819,catboost,4,0.9,1.0,1.9907407407407407,2,108
146819,deep_ensemble,0,0.9,1.0,1.9814814814814814,2,108
146819,deep_ensemble,1,0.9,1.0,1.9907407407407407,2,108
146819,deep_ensemble,2,0.9,1.0,1.9351851851851851,2,108
146819,deep_ensemble,3,0.9,1.0,1.9351851851851851,2,108
146819,deep_ensemble,4,0.9,1.0,1.9444444444444444,2,108
146819,lgbm,0,0.9,1.0,1.9722222222222223,2,108
146819,lgbm,1,0.9,1.0,1.9907407407407407,2,108
146819,lgbm,2,0.9,1.0,1.9351851851851851,2,108
146819,lgbm,3,0.9,1.0,2.0,2,108
146819,lgbm,4,0.9,1.0,1.962962962962963,2,108
146819,mc_dropout,0,0.9,1.0,1.9814814814814814,2,108
146819,mc_dropout,1,0.9,1.0,2.0,2,108
146819,mc_dropout,2,0.9,1.0,1.9722222222222223,2,108
146819,mc_dropout,3,0.9,1.0,1.9351851851851851,2,108
146819,mc_dropout,4,0.9,1.0,1.9537037037037037,2,108
146819,single_mlp,0,0.9,1.0,1.9814814814814814,2,108
146819,single_mlp,1,0.9,1.0,1.9907407407407407,2,108
146819,single_mlp,2,0.9,1.0,1.962962962962963,2,108
146819,single_mlp,3,0.9,1.0,1.9351851851851851,2,108
146819,single_mlp,4,0.9,1.0,1.9444444444444444,2,108
146819,xgboost,0,0.9,1.0,1.9537037037037037,2,108
146819,xgboost,1,0.9,1.0,1.9722222222222223,2,108
146819,xgboost,2,0.9,1.0,1.8796296296296295,2,108
146819,xgboost,3,0.9,1.0,1.9907407407407407,2,108
146819,xgboost,4,0.9,1.0,1.9814814814814814,2,108
146820,catboost,0,0.9,1.0,1.9204545454545454,2,968
146820,catboost,1,0.9,1.0,1.9194214876033058,2,968
146820,catboost,2,0.9,1.0,1.9080578512396693,2,968
146820,catboost,3,0.9,1.0,1.9080578512396693,2,968
146820,catboost,4,0.9,1.0,1.9111570247933884,2,968
146820,deep_ensemble,0,0.9,1.0,1.887396694214876,2,968
146820,deep_ensemble,1,0.9,1.0,1.9235537190082646,2,968
146820,deep_ensemble,2,0.9,1.0,1.912190082644628,2,968
146820,deep_ensemble,3,0.9,1.0,1.912190082644628,2,968
146820,deep_ensemble,4,0.9,1.0,1.9163223140495869,2,968
146820,lgbm,0,0.9,1.0,1.9307851239669422,2,968
146820,lgbm,1,0.9,1.0,1.912190082644628,2,968
146820,lgbm,2,0.9,1.0,1.9235537190082646,2,968
146820,lgbm,3,0.9,1.0,1.9235537190082646,2,968
146820,lgbm,4,0.9,1.0,1.9028925619834711,2,968
146820,mc_dropout,0,0.9,1.0,1.8822314049586777,2,968
146820,mc_dropout,1,0.9,1.0,1.9307851239669422,2,968
146820,mc_dropout,2,0.9,1.0,1.8987603305785123,2,968
146820,mc_dropout,3,0.9,1.0,1.9080578512396693,2,968
146820,mc_dropout,4,0.9,1.0,1.9163223140495869,2,968
146820,single_mlp,0,0.9,1.0,1.8791322314049588,2,968
146820,single_mlp,1,0.9,1.0,1.9256198347107438,2,968
146820,single_mlp,2,0.9,1.0,1.9111570247933884,2,968
146820,single_mlp,3,0.9,1.0,1.8956611570247934,2,968
146820,single_mlp,4,0.9,1.0,1.9297520661157024,2,968
146820,xgboost,0,0.9,1.0,1.9070247933884297,2,968
146820,xgboost,1,0.9,1.0,1.9349173553719008,2,968
146820,xgboost,2,0.9,1.0,1.9090909090909092,2,968
146820,xgboost,3,0.9,1.0,1.9266528925619835,2,968
146820,xgboost,4,0.9,1.0,1.896694214876033,2,968
146821,catboost,0,0.9,1.0,3.0578034682080926,4,346
146821,catboost,1,0.9,1.0,2.80635838150289,4,346
146821,catboost,2,0.9,1.0,2.7976878612716765,4,346
146821,catboost,3,0.9,1.0,2.8583815028901736,4,346
146821,catboost,4,0.9,1.0,2.884393063583815,4,346
146821,deep_ensemble,0,0.9,1.0,3.578034682080925,4,346
146821,deep_ensemble,1,0.9,1.0,3.5115606936416186,4,346
146821,deep_ensemble,2,0.9,1.0,3.4277456647398843,4,346
146821,deep_ensemble,3,0.9,1.0,3.4364161849710984,4,346
146821,deep_ensemble,4,0.9,1.0,3.5028901734104045,4,346
146821,lgbm,0,0.9,1.0,3.332369942196532,4,346
146821,lgbm,1,0.9,1.0,3.3728323699421967,4,346
146821,lgbm,2,0.9,1.0,3.245664739884393,4,346
146821,lgbm,3,0.9,1.0,3.3121387283236996,4,346
146821,lgbm,4,0.9,1.0,3.346820809248555,4,346
146821,mc_dropout,0,0.9,1.0,3.4971098265895955,4,346
146821,mc_dropout,1,0.9,1.0,3.552023121387283,4,346
146821,mc_dropout,2,0.9,1.0,3.407514450867052,4,346
146821,mc_dropout,3,0.9,1.0,3.346820809248555,4,346
146821,mc_dropout,4,0.9,1.0,3.398843930635838,4,346
146821,single_mlp,0,0.9,1.0,3.6184971098265897,4,346
146821,single_mlp,1,0.9,1.0,3.520231213872832,4,346
146821,single_mlp,2,0.9,1.0,3.433526011560694,4,346
146821,single_mlp,3,0.9,1.0,3.401734104046243,4,346
146821,single_mlp,4,0.9,1.0,3.485549132947977,4,346
146821,xgboost,0,0.9,1.0,3.338150289017341,4,346
146821,xgboost,1,0.9,1.0,3.3757225433526012,4,346
146821,xgboost,2,0.9,1.0,3.3352601156069364,4,346
146821,xgboost,3,0.9,1.0,3.401734104046243,4,346
146821,xgboost,4,0.9,1.0,3.5028901734104045,4,346
146825,catboost,0,0.9,0.9998571428571429,3.8825714285714286,10,14000
146825,catboost,1,0.9,0.9997142857142857,3.9175714285714287,10,14000
146825,catboost,2,0.9,0.9996428571428572,3.9604285714285714,10,14000
146825,catboost,3,0.9,0.9997142857142857,3.8922142857142856,10,14000
146825,catboost,4,0.9,0.9997857142857143,3.8955,10,14000
146825,deep_ensemble,0,0.9,0.9999285714285714,5.747428571428571,10,14000
146825,deep_ensemble,1,0.9,1.0,6.040642857142857,10,14000
146825,deep_ensemble,2,0.9,0.9997857142857143,5.792642857142857,10,14000
146825,deep_ensemble,3,0.9,0.9999285714285714,5.631785714285714,10,14000
146825,deep_ensemble,4,0.9,1.0,6.021571428571429,10,14000
146825,lgbm,0,0.9,1.0,6.051142857142857,10,14000
146825,lgbm,1,0.9,1.0,6.205285714285714,10,14000
146825,lgbm,2,0.9,1.0,6.182857142857143,10,14000
146825,lgbm,3,0.9,0.9999285714285714,5.981285714285714,10,14000
146825,lgbm,4,0.9,1.0,6.093285714285714,10,14000
146825,mc_dropout,0,0.9,0.9998571428571429,5.402714285714286,10,14000
146825,mc_dropout,1,0.9,1.0,6.2165,10,14000
146825,mc_dropout,2,0.9,0.9995714285714286,4.983428571428571,10,14000
146825,mc_dropout,3,0.9,0.9998571428571429,5.414857142857143,10,14000
146825,mc_dropout,4,0.9,1.0,5.149785714285715,10,14000
146825,single_mlp,0,0.9,0.9997142857142857,5.9977857142857145,10,14000
146825,single_mlp,1,0.9,1.0,6.7135,10,14000
146825,single_mlp,2,0.9,0.9995714285714286,5.365285714285714,10,14000
146825,single_mlp,3,0.9,0.9999285714285714,5.821357142857143,10,14000
146825,single_mlp,4,0.9,0.9999285714285714,5.5365714285714285,10,14000
146825,xgboost,0,0.9,1.0,5.744285714285715,10,14000
146825,xgboost,1,0.9,1.0,5.742,10,14000
146825,xgboost,2,0.9,1.0,5.865571428571428,10,14000
146825,xgboost,3,0.9,0.9999285714285714,5.7371428571428575,10,14000
146825,xgboost,4,0.9,1.0,5.863857142857142,10,14000
14952,catboost,0,0.9,1.0,1.9425599276345544,2,2211
14952,catboost,1,0.9,1.0,1.9384893713251923,2,2211
14952,catboost,2,0.9,1.0,1.9434644957033016,2,2211
14952,catboost,3,0.9,1.0,1.9416553595658073,2,2211
14952,catboost,4,0.9,1.0,1.9276345545002262,2,2211
14952,deep_ensemble,0,0.9,1.0,1.9213025780189958,2,2211
14952,deep_ensemble,1,0.9,1.0,1.9317051108095884,2,2211
14952,deep_ensemble,2,0.9,1.0,1.8575305291723203,2,2211
14952,deep_ensemble,3,0.9,1.0,1.9389416553595658,2,2211
14952,deep_ensemble,4,0.9,1.0,1.8819538670284939,2,2211
14952,lgbm,0,0.9,1.0,1.9416553595658073,2,2211
14952,lgbm,1,0.9,1.0,1.9389416553595658,2,2211
14952,lgbm,2,0.9,1.0,1.9317051108095884,2,2211
14952,lgbm,3,0.9,1.0,1.9443690637720488,2,2211
14952,lgbm,4,0.9,1.0,1.9357756671189508,2,2211
14952,mc_dropout,0,0.9,1.0,1.937584803256445,2,2211
14952,mc_dropout,1,0.9,1.0,1.8625056535504296,2,2211
14952,mc_dropout,2,0.9,1.0,1.837177747625509,2,2211
14952,mc_dropout,3,0.9,1.0,1.9484396200814111,2,2211
14952,mc_dropout,4,0.9,1.0,1.8710990502035278,2,2211
14952,single_mlp,0,0.9,1.0,1.9050203527815468,2,2211
14952,single_mlp,1,0.9,1.0,1.7783808231569425,2,2211
14952,single_mlp,2,0.9,1.0,1.7345092718227046,2,2211
14952,single_mlp,3,0.9,1.0,1.9335142469470827,2,2211
14952,single_mlp,4,0.9,1.0,1.7761194029850746,2,2211
14952,xgboost,0,0.9,1.0,1.9443690637720488,2,2211
14952,xgboost,1,0.9,1.0,1.945273631840796,2,2211
14952,xgboost,2,0.9,1.0,1.9502487562189055,2,2211
14952,xgboost,3,0.9,1.0,1.946178199909543,2,2211
14952,xgboost,4,0.9,1.0,1.9226594301221167,2,2211
14954,catboost,0,0.9,1.0,2.0,2,108
14954,catboost,1,0.9,1.0,2.0,2,108
14954,catboost,2,0.9,1.0,2.0,2,108
14954,catboost,3,0.9,1.0,2.0,2,108
14954,catboost,4,0.9,1.0,2.0,2,108
14954,deep_ensemble,0,0.9,1.0,2.0,2,108
14954,deep_ensemble,1,0.9,1.0,2.0,2,108
14954,deep_ensemble,2,0.9,1.0,2.0,2,108
14954,deep_ensemble,3,0.9,1.0,2.0,2,108
14954,deep_ensemble,4,0.9,1.0,2.0,2,108
14954,lgbm,0,0.9,1.0,2.0,2,108
14954,lgbm,1,0.9,1.0,2.0,2,108
14954,lgbm,2,0.9,1.0,2.0,2,108
14954,lgbm,3,0.9,1.0,2.0,2,108
14954,lgbm,4,0.9,1.0,2.0,2,108
14954,mc_dropout,0,0.9,1.0,2.0,2,108
14954,mc_dropout,1,0.9,1.0,2.0,2,108
14954,mc_dropout,2,0.9,1.0,2.0,2,108
14954,mc_dropout,3,0.9,1.0,2.0,2,108
14954,mc_dropout,4,0.9,1.0,2.0,2,108
14954,single_mlp,0,0.9,1.0,2.0,2,108
14954,single_mlp,1,0.9,1.0,2.0,2,108
14954,single_mlp,2,0.9,1.0,2.0,2,108
14954,single_mlp,3,0.9,1.0,2.0,2,108
14954,single_mlp,4,0.9,1.0,2.0,2,108
14954,xgboost,0,0.9,1.0,2.0,2,108
14954,xgboost,1,0.9,1.0,2.0,2,108
14954,xgboost,2,0.9,1.0,2.0,2,108
14954,xgboost,3,0.9,1.0,2.0,2,108
14954,xgboost,4,0.9,1.0,2.0,2,108
14965,catboost,0,0.9,1.0,1.993254450956541,2,9043
14965,catboost,1,0.9,1.0,1.9962401857790557,2,9043
14965,catboost,2,0.9,1.0,1.990158133362822,2,9043
14965,catboost,3,0.9,1.0,1.992812119871724,2,9043
14965,catboost,4,0.9,1.0,1.9927015371005197,2,9043
14965,deep_ensemble,0,0.9,1.0,1.9984518412031405,2,9043
14965,deep_ensemble,1,0.9,1.0,1.9993365033727746,2,9043
14965,deep_ensemble,2,0.9,1.0,1.9946920269821962,2,9043
14965,deep_ensemble,3,0.9,1.0,1.9969036824062811,2,9043
14965,deep_ensemble,4,0.9,1.0,1.997346013491098,2,9043
14965,lgbm,0,0.9,1.0,1.9954661063806258,2,9043
14965,lgbm,1,0.9,1.0,1.9964613513214642,2,9043
14965,lgbm,2,0.9,1.0,1.9881676434811457,2,9043
14965,lgbm,3,0.9,1.0,1.9948026097534004,2,9043
14965,lgbm,4,0.9,1.0,1.992369788786907,2,9043
14965,mc_dropout,0,0.9,1.0,1.9998894172287958,2,9043
14965,mc_dropout,1,0.9,1.0,1.9997788344575915,2,9043
14965,mc_dropout,2,0.9,1.0,1.9881676434811457,2,9043
14965,mc_dropout,3,0.9,1.0,1.9975671790335066,2,9043
14965,mc_dropout,4,0.9,1.0,1.9969036824062811,2,9043
14965,single_mlp,0,0.9,1.0,1.9998894172287958,2,9043
14965,single_mlp,1,0.9,1.0,1.9998894172287958,2,9043
14965,single_mlp,2,0.9,1.0,1.9849607431162224,2,9043
14965,single_mlp,3,0.9,1.0,1.99635076855026,2,9043
14965,single_mlp,4,0.9,1.0,1.996793099635077,2,9043
14965,xgboost,0,0.9,1.0,1.9952449408382174,2,9043
14965,xgboost,1,0.9,1.0,1.9959084374654428,2,9043
14965,xgboost,2,0.9,1.0,1.9904898816764347,2,9043
14965,xgboost,3,0.9,1.0,1.9969036824062811,2,9043
14965,xgboost,4,0.9,1.0,1.9935861992701538,2,9043
14970,catboost,0,0.9,1.0,2.421359223300971,6,2060
14970,catboost,1,0.9,1.0,2.3932038834951457,6,2060
14970,catboost,2,0.9,1.0,2.459708737864078,6,2060
14970,catboost,3,0.9,1.0,2.3927184466019416,6,2060
14970,catboost,4,0.9,1.0,2.411650485436893,6,2060
14970,deep_ensemble,0,0.9,1.0,4.027184466019418,6,2060
14970,deep_ensemble,1,0.9,1.0,4.132038834951456,6,2060
14970,deep_ensemble,2,0.9,1.0,4.333495145631068,6,2060
14970,deep_ensemble,3,0.9,1.0,4.105339805825243,6,2060
14970,deep_ensemble,4,0.9,1.0,4.319417475728155,6,2060
14970,lgbm,0,0.9,1.0,3.1,6,2060
14970,lgbm,1,0.9,1.0,3.1859223300970876,6,2060
14970,lgbm,2,0.9,1.0,3.1990291262135924,6,2060
14970,lgbm,3,0.9,1.0,3.1728155339805824,6,2060
14970,lgbm,4,0.9,1.0,3.1849514563106798,6,2060
14970,mc_dropout,0,0.9,1.0,4.1412621359223305,6,2060
14970,mc_dropout,1,0.9,1.0,4.495631067961165,6,2060
14970,mc_dropout,2,0.9,1.0,4.279611650485437,6,2060
14970,mc_dropout,3,0.9,1.0,4.1470873786407765,6,2060
14970,mc_dropout,4,0.9,1.0,4.224271844660194,6,2060
14970,single_mlp,0,0.9,1.0,4.216504854368932,6,2060
14970,single_mlp,1,0.9,1.0,4.578155339805825,6,2060
14970,single_mlp,2,0.9,1.0,4.295631067961165,6,2060
14970,single_mlp,3,0.9,1.0,4.233495145631068,6,2060
14970,single_mlp,4,0.9,1.0,4.3174757281553395,6,2060
14970,xgboost,0,0.9,1.0,3.016990291262136,6,2060
14970,xgboost,1,0.9,1.0,3.0514563106796118,6,2060
14970,xgboost,2,0.9,1.0,3.149029126213592,6,2060
14970,xgboost,3,0.9,1.0,3.0262135922330096,6,2060
14970,xgboost,4,0.9,1.0,3.053883495145631,6,2060
14,catboost,0,0.9,1.0,5.7175,10,400
14,catboost,1,0.9,1.0,5.3175,10,400
14,catboost,2,0.9,1.0,5.23,10,400
14,catboost,3,0.9,1.0,5.67,10,400
14,catboost,4,0.9,1.0,5.235,10,400
14,deep_ensemble,0,0.9,0.9975,5.16,10,400
14,deep_ensemble,1,0.9,0.9975,5.35,10,400
14,deep_ensemble,2,0.9,1.0,5.24,10,400
14,deep_ensemble,3,0.9,0.9975,5.24,10,400
14,deep_ensemble,4,0.9,1.0,5.15,10,400
14,lgbm,0,0.9,1.0,6.645,10,400
14,lgbm,1,0.9,1.0,6.435,10,400
14,lgbm,2,0.9,1.0,6.48,10,400
14,lgbm,3,0.9,1.0,6.5775,10,400
14,lgbm,4,0.9,1.0,6.4275,10,400
14,mc_dropout,0,0.9,0.9975,4.99,10,400
14,mc_dropout,1,0.9,0.9975,5.3925,10,400
14,mc_dropout,2,0.9,1.0,5.1175,10,400
14,mc_dropout,3,0.9,0.9975,5.085,10,400
14,mc_dropout,4,0.9,1.0,4.7675,10,400
14,single_mlp,0,0.9,0.9975,5.1875,10,400
14,single_mlp,1,0.9,0.9975,5.4925,10,400
14,single_mlp,2,0.9,1.0,5.3425,10,400
14,single_mlp,3,0.9,0.9975,5.105,10,400
14,single_mlp,4,0.9,1.0,5.0675,10,400
14,xgboost,0,0.9,1.0,6.4975,10,400
14,xgboost,1,0.9,1.0,6.3725,10,400
14,xgboost,2,0.9,1.0,6.405,10,400
14,xgboost,3,0.9,1.0,6.25,10,400
14,xgboost,4,0.9,1.0,6.24,10,400
15,catboost,0,0.9,1.0,1.9428571428571428,2,140
15,catboost,1,0.9,1.0,1.95,2,140
15,catboost,2,0.9,1.0,1.8714285714285714,2,140
15,catboost,3,0.9,1.0,1.8785714285714286,2,140
15,catboost,4,0.9,1.0,1.9142857142857144,2,140
15,deep_ensemble,0,0.9,1.0,1.9857142857142858,2,140
15,deep_ensemble,1,0.9,1.0,1.95,2,140
15,deep_ensemble,2,0.9,1.0,1.9428571428571428,2,140
15,deep_ensemble,3,0.9,1.0,1.9714285714285715,2,140
15,deep_ensemble,4,0.9,1.0,1.9785714285714286,2,140
15,lgbm,0,0.9,1.0,1.6785714285714286,2,140
15,lgbm,1,0.9,1.0,1.957142857142857,2,140
15,lgbm,2,0.9,1.0,1.9142857142857144,2,140
15,lgbm,3,0.9,1.0,1.9285714285714286,2,140
15,lgbm,4,0.9,1.0,1.707142857142857,2,140
15,mc_dropout,0,0.9,1.0,1.9857142857142858,2,140
15,mc_dropout,1,0.9,1.0,1.9714285714285715,2,140
15,mc_dropout,2,0.9,1.0,1.95,2,140
15,mc_dropout,3,0.9,1.0,1.9857142857142858,2,140
15,mc_dropout,4,0.9,1.0,1.9642857142857142,2,140
15,single_mlp,0,0.9,1.0,1.9857142857142858,2,140
15,single_mlp,1,0.9,1.0,1.9714285714285715,2,140
15,single_mlp,2,0.9,1.0,1.95,2,140
15,single_mlp,3,0.9,1.0,1.9857142857142858,2,140
15,single_mlp,4,0.9,1.0,1.9642857142857142,2,140
15,xgboost,0,0.9,1.0,1.6071428571428572,2,140
15,xgboost,1,0.9,1.0,1.6928571428571428,2,140
15,xgboost,2,0.9,1.0,1.9714285714285715,2,140
15,xgboost,3,0.9,1.0,1.6785714285714286,2,140
15,xgboost,4,0.9,1.0,1.6357142857142857,2,140
167119,catboost,0,0.9,1.0,2.488063364569389,3,8964
167119,catboost,1,0.9,1.0,2.465417224453369,3,8964
167119,catboost,2,0.9,1.0,2.4780232039268184,3,8964
167119,catboost,3,0.9,1.0,2.4926372155287817,3,8964
167119,catboost,4,0.9,1.0,2.500446229361892,3,8964
167119,deep_ensemble,0,0.9,1.0,2.42793395805444,3,8964
167119,deep_ensemble,1,0.9,1.0,2.4110887996430166,3,8964
167119,deep_ensemble,2,0.9,1.0,2.429830432842481,3,8964
167119,deep_ensemble,3,0.9,1.0,2.4336233824185634,3,8964
167119,deep_ensemble,4,0.9,1.0,2.439982150825524,3,8964
167119,lgbm,0,0.9,1.0,2.5619143239625166,3,8964
167119,lgbm,1,0.9,1.0,2.5466309683177153,3,8964
167119,lgbm,2,0.9,1.0,2.563476126729139,3,8964
167119,lgbm,3,0.9,1.0,2.5573404730031237,3,8964
167119,lgbm,4,0.9,1.0,2.573293172690763,3,8964
167119,mc_dropout,0,0.9,1.0,2.431726907630522,3,8964
167119,mc_dropout,1,0.9,1.0,2.4210174029451137,3,8964
167119,mc_dropout,2,0.9,1.0,2.4490182954038375,3,8964
167119,mc_dropout,3,0.9,1.0,2.4499107541276217,3,8964
167119,mc_dropout,4,0.9,1.0,2.462405176260598,3,8964
167119,single_mlp,0,0.9,1.0,2.4231369924141006,3,8964
167119,single_mlp,1,0.9,1.0,2.4077420794288265,3,8964
167119,single_mlp,2,0.9,1.0,2.4309460062472112,3,8964
167119,single_mlp,3,0.9,1.0,2.436300758589915,3,8964
167119,single_mlp,4,0.9,1.0,2.4467871485943773,3,8964
167119,xgboost,0,0.9,1.0,2.5582329317269075,3,8964
167119,xgboost,1,0.9,1.0,2.5479696564033913,3,8964
167119,xgboost,2,0.9,1.0,2.5677153056671127,3,8964
167119,xgboost,3,0.9,1.0,2.564368585452923,3,8964
167119,xgboost,4,0.9,1.0,2.5813253012048194,3,8964
167120,catboost,0,0.9,1.0,2.0,2,19264
167120,catboost,1,0.9,1.0,2.0,2,19264
167120,catboost,2,0.9,1.0,2.0,2,19264
167120,catboost,3,0.9,1.0,2.0,2,19264
167120,catboost,4,0.9,1.0,2.0,2,19264
167120,deep_ensemble,0,0.9,1.0,2.0,2,19264
167120,deep_ensemble,1,0.9,1.0,2.0,2,19264
167120,deep_ensemble,2,0.9,1.0,2.0,2,19264
167120,deep_ensemble,3,0.9,1.0,2.0,2,19264
167120,deep_ensemble,4,0.9,1.0,2.0,2,19264
167120,lgbm,0,0.9,1.0,2.0,2,19264
167120,lgbm,1,0.9,1.0,2.0,2,19264
167120,lgbm,2,0.9,1.0,2.0,2,19264
167120,lgbm,3,0.9,1.0,2.0,2,19264
167120,lgbm,4,0.9,1.0,2.0,2,19264
167120,mc_dropout,0,0.9,1.0,2.0,2,19264
167120,mc_dropout,1,0.9,1.0,2.0,2,19264
167120,mc_dropout,2,0.9,1.0,2.0,2,19264
167120,mc_dropout,3,0.9,1.0,2.0,2,19264
167120,mc_dropout,4,0.9,1.0,2.0,2,19264
167120,single_mlp,0,0.9,1.0,2.0,2,19264
167120,single_mlp,1,0.9,1.0,2.0,2,19264
167120,single_mlp,2,0.9,1.0,2.0,2,19264
167120,single_mlp,3,0.9,1.0,2.0,2,19264
167120,single_mlp,4,0.9,1.0,2.0,2,19264
167120,xgboost,0,0.9,1.0,2.0,2,19264
167120,xgboost,1,0.9,1.0,2.0,2,19264
167120,xgboost,2,0.9,1.0,2.0,2,19264
167120,xgboost,3,0.9,1.0,2.0,2,19264
167120,xgboost,4,0.9,1.0,2.0,2,19264
167124,catboost,0,0.9,0.9581666666666667,5.431166666666667,10,12000
167124,catboost,1,0.9,0.9551666666666667,5.395166666666666,10,12000
167124,catboost,2,0.9,0.9595833333333333,5.388583333333333,10,12000
167124,catboost,3,0.9,0.959,5.3741666666666665,10,12000
167124,catboost,4,0.9,0.9585,5.3375,10,12000
167124,deep_ensemble,0,0.9,0.971,5.1505,10,12000
167124,deep_ensemble,1,0.9,0.9710833333333333,5.140083333333333,10,12000
167124,deep_ensemble,2,0.9,0.97125,5.136583333333333,10,12000
167124,deep_ensemble,3,0.9,0.97475,5.1225,10,12000
167124,deep_ensemble,4,0.9,0.9714166666666667,5.18225,10,12000
167124,lgbm,0,0.9,0.9791666666666666,5.656,10,12000
167124,lgbm,1,0.9,0.9756666666666667,5.5725,10,12000
167124,lgbm,2,0.9,0.9798333333333333,5.74125,10,12000
167124,lgbm,3,0.9,0.9775833333333334,5.640916666666667,10,12000
167124,lgbm,4,0.9,0.9790833333333333,5.689666666666667,10,12000
167124,mc_dropout,0,0.9,0.96825,5.292166666666667,10,12000
167124,mc_dropout,1,0.9,0.9630833333333333,5.1771666666666665,10,12000
167124,mc_dropout,2,0.9,0.9675833333333334,5.170166666666667,10,12000
167124,mc_dropout,3,0.9,0.9698333333333333,5.3055,10,12000
167124,mc_dropout,4,0.9,0.968,5.378,10,12000
167124,single_mlp,0,0.9,0.9701666666666666,5.33325,10,12000
167124,single_mlp,1,0.9,0.9661666666666666,5.253583333333333,10,12000
167124,single_mlp,2,0.9,0.9689166666666666,5.231833333333333,10,12000
167124,single_mlp,3,0.9,0.973,5.371333333333333,10,12000
167124,single_mlp,4,0.9,0.9704166666666667,5.43325,10,12000
167124,xgboost,0,0.9,0.97125,5.38575,10,12000
167124,xgboost,1,0.9,0.9678333333333333,5.3269166666666665,10,12000
167124,xgboost,2,0.9,0.96875,5.3925,10,12000
167124,xgboost,3,0.9,0.9711666666666666,5.36575,10,12000
167124,xgboost,4,0.9,0.9690833333333333,5.335833333333333,10,12000
167125,catboost,0,0.9,0.9984756097560976,1.9268292682926829,2,656
167125,catboost,1,0.9,1.0,1.9375,2,656
167125,catboost,2,0.9,1.0,1.9359756097560976,2,656
167125,catboost,3,0.9,1.0,1.916158536585366,2,656
167125,catboost,4,0.9,1.0,1.9253048780487805,2,656
167125,deep_ensemble,0,0.9,1.0,1.9359756097560976,2,656
167125,deep_ensemble,1,0.9,1.0,1.920731707317073,2,656
167125,deep_ensemble,2,0.9,1.0,1.9253048780487805,2,656
167125,deep_ensemble,3,0.9,1.0,1.923780487804878,2,656
167125,deep_ensemble,4,0.9,0.9969512195121951,1.9192073170731707,2,656
167125,lgbm,0,0.9,1.0,1.9375,2,656
167125,lgbm,1,0.9,1.0,1.9115853658536586,2,656
167125,lgbm,2,0.9,1.0,1.920731707317073,2,656
167125,lgbm,3,0.9,1.0,1.913109756097561,2,656
167125,lgbm,4,0.9,1.0,1.9115853658536586,2,656
167125,mc_dropout,0,0.9,1.0,1.9314024390243902,2,656
167125,mc_dropout,1,0.9,1.0,1.954268292682927,2,656
167125,mc_dropout,2,0.9,1.0,1.9298780487804879,2,656
167125,mc_dropout,3,0.9,1.0,1.9359756097560976,2,656
167125,mc_dropout,4,0.9,0.9969512195121951,1.9268292682926829,2,656
167125,single_mlp,0,0.9,1.0,1.9329268292682926,2,656
167125,single_mlp,1,0.9,1.0,1.9451219512195121,2,656
167125,single_mlp,2,0.9,1.0,1.9283536585365855,2,656
167125,single_mlp,3,0.9,1.0,1.9283536585365855,2,656
167125,single_mlp,4,0.9,0.9969512195121951,1.920731707317073,2,656
167125,xgboost,0,0.9,1.0,1.9314024390243902,2,656
167125,xgboost,1,0.9,1.0,1.9115853658536586,2,656
167125,xgboost,2,0.9,1.0,1.9283536585365855,2,656
167125,xgboost,3,0.9,1.0,1.9039634146341464,2,656
167125,xgboost,4,0.9,1.0,1.9329268292682926,2,656
18,catboost,0,0.9,0.9975,4.4975,10,400
18,catboost,1,0.9,0.995,4.435,10,400
18,catboost,2,0.9,0.9925,4.73,10,400
18,catboost,3,0.9,0.9975,5.005,10,400
18,catboost,4,0.9,1.0,4.8275,10,400
18,deep_ensemble,0,0.9,0.9925,5.21,10,400
18,deep_ensemble,1,0.9,0.9975,5.19,10,400
18,deep_ensemble,2,0.9,0.9925,5.565,10,400
18,deep_ensemble,3,0.9,0.995,5.2,10,400
18,deep_ensemble,4,0.9,0.9975,5.6375,10,400
18,lgbm,0,0.9,0.995,6.3025,10,400
18,lgbm,1,0.9,0.9925,5.4375,10,400
18,lgbm,2,0.9,0.9925,6.31,10,400
18,lgbm,3,0.9,0.995,5.9825,10,400
18,lgbm,4,0.9,1.0,5.97,10,400
18,mc_dropout,0,0.9,0.9925,4.8925,10,400
18,mc_dropout,1,0.9,0.9975,5.11,10,400
18,mc_dropout,2,0.9,0.9925,5.1825,10,400
18,mc_dropout,3,0.9,0.9925,4.805,10,400
18,mc_dropout,4,0.9,0.9975,4.7525,10,400
18,single_mlp,0,0.9,0.9925,5.1325,10,400
18,single_mlp,1,0.9,1.0,5.555,10,400
18,single_mlp,2,0.9,0.9925,5.52,10,400
18,single_mlp,3,0.9,0.995,5.0075,10,400
18,single_mlp,4,0.9,0.9975,5.205,10,400
18,xgboost,0,0.9,0.9975,5.915,10,400
18,xgboost,1,0.9,0.9975,5.6675,10,400
18,xgboost,2,0.9,0.995,6.075,10,400
18,xgboost,3,0.9,0.995,6.285,10,400
18,xgboost,4,0.9,1.0,6.0825,10,400
2074,catboost,0,0.9,1.0,3.4354587869362363,6,1286
2074,catboost,1,0.9,1.0,3.6959564541213066,6,1286
2074,catboost,2,0.9,1.0,3.4090202177293936,6,1286
2074,catboost,3,0.9,1.0,3.3359253499222397,6,1286
2074,catboost,4,0.9,1.0,3.6275272161741836,6,1286
2074,deep_ensemble,0,0.9,1.0,3.536547433903577,6,1286
2074,deep_ensemble,1,0.9,1.0,3.6664074650077763,6,1286
2074,deep_ensemble,2,0.9,0.9992223950233281,3.720062208398134,6,1286
2074,deep_ensemble,3,0.9,1.0,3.811819595645412,6,1286
2074,deep_ensemble,4,0.9,0.9992223950233281,3.8335925349922237,6,1286
2074,lgbm,0,0.9,1.0,3.911353032659409,6,1286
2074,lgbm,1,0.9,1.0,3.7317262830482116,6,1286
2074,lgbm,2,0.9,1.0,3.9510108864696734,6,1286
2074,lgbm,3,0.9,1.0,4.031104199066874,6,1286
2074,lgbm,4,0.9,1.0,3.948678071539658,6,1286
2074,mc_dropout,0,0.9,1.0,3.4922239502332815,6,1286
2074,mc_dropout,1,0.9,0.9992223950233281,3.2908242612752723,6,1286
2074,mc_dropout,2,0.9,0.9984447900466563,3.5264385692068427,6,1286
2074,mc_dropout,3,0.9,1.0,3.6181959564541213,6,1286
2074,mc_dropout,4,0.9,1.0,3.7169517884914463,6,1286
2074,single_mlp,0,0.9,1.0,3.675738724727838,6,1286
2074,single_mlp,1,0.9,0.9992223950233281,3.481337480559876,6,1286
2074,single_mlp,2,0.9,0.9992223950233281,3.7830482115085537,6,1286
2074,single_mlp,3,0.9,1.0,3.7900466562986,6,1286
2074,single_mlp,4,0.9,0.9992223950233281,4.01710730948678,6,1286
2074,xgboost,0,0.9,1.0,3.849144634525661,6,1286
2074,xgboost,1,0.9,1.0,3.942457231726283,6,1286
2074,xgboost,2,0.9,1.0,3.785381026438569,6,1286
2074,xgboost,3,0.9,1.0,3.838258164852255,6,1286
2074,xgboost,4,0.9,1.0,3.979782270606532,6,1286
2079,catboost,0,0.9,1.0,3.189189189189189,5,148
2079,catboost,1,0.9,1.0,3.2432432432432434,5,148
2079,catboost,2,0.9,0.9932432432432432,3.027027027027027,5,148
2079,catboost,3,0.9,1.0,3.1486486486486487,5,148
2079,catboost,4,0.9,0.9864864864864865,3.2567567567567566,5,148
2079,deep_ensemble,0,0.9,0.9797297297297297,3.3716216216216215,5,148
2079,deep_ensemble,1,0.9,1.0,3.8716216216216215,5,148
2079,deep_ensemble,2,0.9,1.0,3.831081081081081,5,148
2079,deep_ensemble,3,0.9,1.0,3.7635135135135136,5,148
2079,deep_ensemble,4,0.9,1.0,3.7972972972972974,5,148
2079,lgbm,0,0.9,1.0,3.560810810810811,5,148
2079,lgbm,1,0.9,0.9932432432432432,3.7162162162162162,5,148
2079,lgbm,2,0.9,1.0,3.2432432432432434,5,148
2079,lgbm,3,0.9,1.0,3.6283783783783785,5,148
2079,lgbm,4,0.9,0.9864864864864865,3.52027027027027,5,148
2079,mc_dropout,0,0.9,0.9662162162162162,3.4324324324324325,5,148
2079,mc_dropout,1,0.9,1.0,3.75,5,148
2079,mc_dropout,2,0.9,1.0,3.675675675675676,5,148
2079,mc_dropout,3,0.9,1.0,3.722972972972973,5,148
2079,mc_dropout,4,0.9,1.0,3.77027027027027,5,148
2079,single_mlp,0,0.9,0.9662162162162162,3.472972972972973,5,148
2079,single_mlp,1,0.9,1.0,3.722972972972973,5,148
2079,single_mlp,2,0.9,1.0,3.722972972972973,5,148
2079,single_mlp,3,0.9,1.0,3.722972972972973,5,148
2079,single_mlp,4,0.9,1.0,3.8175675675675675,5,148
2079,xgboost,0,0.9,1.0,3.52027027027027,5,148
2079,xgboost,1,0.9,0.9864864864864865,3.641891891891892,5,148
2079,xgboost,2,0.9,0.9932432432432432,3.310810810810811,5,148
2079,xgboost,3,0.9,1.0,3.4932432432432434,5,148
2079,xgboost,4,0.9,0.9797297297297297,3.5,5,148
219,catboost,0,0.9,1.0,2.0,2,9063
219,catboost,1,0.9,1.0,2.0,2,9063
219,catboost,2,0.9,1.0,2.0,2,9063
219,catboost,3,0.9,1.0,2.0,2,9063
219,catboost,4,0.9,1.0,2.0,2,9063
219,deep_ensemble,0,0.9,1.0,1.999448306300342,2,9063
219,deep_ensemble,1,0.9,1.0,1.9995586450402736,2,9063
219,deep_ensemble,2,0.9,1.0,1.9993379675604104,2,9063
219,deep_ensemble,3,0.9,1.0,1.999448306300342,2,9063
219,deep_ensemble,4,0.9,1.0,1.9993379675604104,2,9063
219,lgbm,0,0.9,1.0,1.9867593512082091,2,9063
219,lgbm,1,0.9,1.0,1.9821251241310824,2,9063
219,lgbm,2,0.9,1.0,1.9891868034867042,2,9063
219,lgbm,3,0.9,1.0,1.9878627386075252,2,9063
219,lgbm,4,0.9,1.0,1.9888557872669095,2,9063
219,mc_dropout,0,0.9,1.0,2.0,2,9063
219,mc_dropout,1,0.9,1.0,2.0,2,9063
219,mc_dropout,2,0.9,1.0,1.9997793225201368,2,9063
219,mc_dropout,3,0.9,1.0,2.0,2,9063
219,mc_dropout,4,0.9,1.0,1.9997793225201368,2,9063
219,single_mlp,0,0.9,1.0,1.9996689837802053,2,9063
219,single_mlp,1,0.9,0.9997793225201368,1.9993379675604104,2,9063
219,single_mlp,2,0.9,1.0,1.9990069513406157,2,9063
219,single_mlp,3,0.9,1.0,1.9993379675604104,2,9063
219,single_mlp,4,0.9,1.0,1.9992276288204789,2,9063
219,xgboost,0,0.9,1.0,1.9987862738607525,2,9063
219,xgboost,1,0.9,1.0,2.0,2,9063
219,xgboost,2,0.9,1.0,2.0,2,9063
219,xgboost,3,0.9,1.0,2.0,2,9063
219,xgboost,4,0.9,1.0,2.0,2,9063
23,catboost,0,0.9,1.0,3.0,3,295
23,catboost,1,0.9,1.0,3.0,3,295
23,catboost,2,0.9,1.0,3.0,3,295
23,catboost,3,0.9,1.0,3.0,3,295
23,catboost,4,0.9,1.0,3.0,3,295
23,deep_ensemble,0,0.9,1.0,3.0,3,295
23,deep_ensemble,1,0.9,1.0,3.0,3,295
23,deep_ensemble,2,0.9,1.0,3.0,3,295
23,deep_ensemble,3,0.9,1.0,3.0,3,295
23,deep_ensemble,4,0.9,1.0,3.0,3,295
23,lgbm,0,0.9,1.0,3.0,3,295
23,lgbm,1,0.9,1.0,3.0,3,295
23,lgbm,2,0.9,1.0,3.0,3,295
23,lgbm,3,0.9,1.0,3.0,3,295
23,lgbm,4,0.9,1.0,3.0,3,295
23,mc_dropout,0,0.9,1.0,3.0,3,295
23,mc_dropout,1,0.9,1.0,3.0,3,295
23,mc_dropout,2,0.9,1.0,3.0,3,295
23,mc_dropout,3,0.9,1.0,3.0,3,295
23,mc_dropout,4,0.9,1.0,3.0,3,295
23,single_mlp,0,0.9,1.0,3.0,3,295
23,single_mlp,1,0.9,1.0,3.0,3,295
23,single_mlp,2,0.9,1.0,3.0,3,295
23,single_mlp,3,0.9,1.0,3.0,3,295
23,single_mlp,4,0.9,1.0,3.0,3,295
23,xgboost,0,0.9,1.0,3.0,3,295
23,xgboost,1,0.9,1.0,3.0,3,295
23,xgboost,2,0.9,1.0,3.0,3,295
23,xgboost,3,0.9,1.0,3.0,3,295
23,xgboost,4,0.9,1.0,3.0,3,295
29,catboost,0,0.9,1.0,2.0,2,138
29,catboost,1,0.9,1.0,2.0,2,138
29,catboost,2,0.9,1.0,2.0,2,138
29,catboost,3,0.9,1.0,2.0,2,138
29,catboost,4,0.9,1.0,2.0,2,138
29,deep_ensemble,0,0.9,1.0,2.0,2,138
29,deep_ensemble,1,0.9,1.0,2.0,2,138
29,deep_ensemble,2,0.9,1.0,1.9855072463768115,2,138
29,deep_ensemble,3,0.9,1.0,2.0,2,138
29,deep_ensemble,4,0.9,1.0,2.0,2,138
29,lgbm,0,0.9,1.0,2.0,2,138
29,lgbm,1,0.9,1.0,2.0,2,138
29,lgbm,2,0.9,1.0,2.0,2,138
29,lgbm,3,0.9,1.0,2.0,2,138
29,lgbm,4,0.9,1.0,2.0,2,138
29,mc_dropout,0,0.9,1.0,2.0,2,138
29,mc_dropout,1,0.9,1.0,2.0,2,138
29,mc_dropout,2,0.9,1.0,1.9855072463768115,2,138
29,mc_dropout,3,0.9,1.0,2.0,2,138
29,mc_dropout,4,0.9,1.0,2.0,2,138
29,single_mlp,0,0.9,1.0,2.0,2,138
29,single_mlp,1,0.9,1.0,2.0,2,138
29,single_mlp,2,0.9,1.0,1.9855072463768115,2,138
29,single_mlp,3,0.9,1.0,2.0,2,138
29,single_mlp,4,0.9,1.0,2.0,2,138
29,xgboost,0,0.9,1.0,2.0,2,138
29,xgboost,1,0.9,1.0,2.0,2,138
29,xgboost,2,0.9,1.0,2.0,2,138
29,xgboost,3,0.9,1.0,2.0,2,138
29,xgboost,4,0.9,1.0,2.0,2,138
3021,catboost,0,0.9,1.0,1.900662251655629,2,755
3021,catboost,1,0.9,1.0,1.9033112582781457,2,755
3021,catboost,2,0.9,1.0,1.9337748344370862,2,755
3021,catboost,3,0.9,1.0,1.9218543046357617,2,755
3021,catboost,4,0.9,1.0,1.9218543046357617,2,755
3021,deep_ensemble,0,0.9,1.0,1.9337748344370862,2,755
3021,deep_ensemble,1,0.9,1.0,1.9086092715231788,2,755
3021,deep_ensemble,2,0.9,1.0,1.9390728476821193,2,755
3021,deep_ensemble,3,0.9,1.0,1.9019867549668874,2,755
3021,deep_ensemble,4,0.9,1.0,1.913907284768212,2,755
3021,lgbm,0,0.9,1.0,1.9231788079470198,2,755
3021,lgbm,1,0.9,1.0,1.9099337748344372,2,755
3021,lgbm,2,0.9,1.0,1.9258278145695364,2,755
3021,lgbm,3,0.9,1.0,1.9218543046357617,2,755
3021,lgbm,4,0.9,1.0,1.900662251655629,2,755
3021,mc_dropout,0,0.9,1.0,1.9456953642384105,2,755
3021,mc_dropout,1,0.9,1.0,1.9072847682119205,2,755
3021,mc_dropout,2,0.9,1.0,1.9417218543046357,2,755
3021,mc_dropout,3,0.9,1.0,1.9112582781456953,2,755
3021,mc_dropout,4,0.9,1.0,1.9072847682119205,2,755
3021,single_mlp,0,0.9,1.0,1.9364238410596026,2,755
3021,single_mlp,1,0.9,1.0,1.9178807947019867,2,755
3021,single_mlp,2,0.9,1.0,1.9337748344370862,2,755
3021,single_mlp,3,0.9,1.0,1.913907284768212,2,755
3021,single_mlp,4,0.9,1.0,1.9112582781456953,2,755
3021,xgboost,0,0.9,1.0,1.9072847682119205,2,755
3021,xgboost,1,0.9,1.0,1.9019867549668874,2,755
3021,xgboost,2,0.9,1.0,1.9271523178807948,2,755
3021,xgboost,3,0.9,1.0,1.9099337748344372,2,755
3021,xgboost,4,0.9,1.0,1.904635761589404,2,755
3022,catboost,0,0.9,1.0,3.3434343434343434,11,198
3022,catboost,1,0.9,1.0,3.242424242424242,11,198
3022,catboost,2,0.9,1.0,3.590909090909091,11,198
3022,catboost,3,0.9,1.0,3.6717171717171717,11,198
3022,catboost,4,0.9,1.0,3.717171717171717,11,198
3022,deep_ensemble,0,0.9,1.0,3.398989898989899,11,198
3022,deep_ensemble,1,0.9,1.0,3.601010101010101,11,198
3022,deep_ensemble,2,0.9,1.0,3.3282828282828283,11,198
3022,deep_ensemble,3,0.9,1.0,3.398989898989899,11,198
3022,deep_ensemble,4,0.9,1.0,3.6464646464646466,11,198
3022,lgbm,0,0.9,1.0,4.681818181818182,11,198
3022,lgbm,1,0.9,0.9848484848484849,5.373737373737374,11,198
3022,lgbm,2,0.9,1.0,5.287878787878788,11,198
3022,lgbm,3,0.9,1.0,4.803030303030303,11,198
3022,lgbm,4,0.9,0.9949494949494949,5.585858585858586,11,198
3022,mc_dropout,0,0.9,1.0,3.2525252525252526,11,198
3022,mc_dropout,1,0.9,0.9848484848484849,3.242424242424242,11,198
3022,mc_dropout,2,0.9,1.0,3.1818181818181817,11,198
3022,mc_dropout,3,0.9,1.0,3.5,11,198
3022,mc_dropout,4,0.9,1.0,3.3484848484848486,11,198
3022,single_mlp,0,0.9,1.0,3.4646464646464645,11,198
3022,single_mlp,1,0.9,0.98989898989899,3.3333333333333335,11,198
3022,single_mlp,2,0.9,1.0,3.5757575757575757,11,198
3022,single_mlp,3,0.9,1.0,3.5,11,198
3022,single_mlp,4,0.9,1.0,3.702020202020202,11,198
3022,xgboost,0,0.9,1.0,5.005050505050505,11,198
3022,xgboost,1,0.9,0.9848484848484849,5.51010101010101,11,198
3022,xgboost,2,0.9,1.0,5.641414141414141,11,198
3022,xgboost,3,0.9,1.0,5.156565656565657,11,198
3022,xgboost,4,0.9,0.9949494949494949,5.484848484848484,11,198
32,catboost,0,0.9,0.9995452478399273,4.14824920418372,10,2199
32,catboost,1,0.9,1.0,4.045020463847203,10,2199
32,catboost,2,0.9,0.9995452478399273,3.6994088221919053,10,2199
32,catboost,3,0.9,0.9995452478399273,3.8567530695770804,10,2199
32,catboost,4,0.9,0.9990904956798545,4.000909504320146,10,2199
32,deep_ensemble,0,0.9,0.9995452478399273,5.306502955889041,10,2199
32,deep_ensemble,1,0.9,1.0,4.746703046839473,10,2199
32,deep_ensemble,2,0.9,0.9995452478399273,4.743519781718963,10,2199
32,deep_ensemble,3,0.9,1.0,4.861755343337881,10,2199
32,deep_ensemble,4,0.9,0.9990904956798545,4.927694406548431,10,2199
32,lgbm,0,0.9,0.9995452478399273,5.306048203728968,10,2199
32,lgbm,1,0.9,1.0,5.340154615734424,10,2199
32,lgbm,2,0.9,0.9995452478399273,5.077307867212369,10,2199
32,lgbm,3,0.9,0.9995452478399273,5.215097771714416,10,2199
32,lgbm,4,0.9,0.9995452478399273,5.044110959527058,10,2199
32,mc_dropout,0,0.9,0.9995452478399273,4.874943155979991,10,2199
32,mc_dropout,1,0.9,1.0,4.725329695316053,10,2199
32,mc_dropout,2,0.9,0.9995452478399273,4.6903137789904505,10,2199
32,mc_dropout,3,0.9,1.0,4.806730331969077,10,2199
32,mc_dropout,4,0.9,0.9990904956798545,4.886766712141883,10,2199
32,single_mlp,0,0.9,0.9995452478399273,5.050932241928149,10,2199
32,single_mlp,1,0.9,1.0,4.775352432924056,10,2199
32,single_mlp,2,0.9,0.9995452478399273,4.692132787630741,10,2199
32,single_mlp,3,0.9,1.0,4.889040472942247,10,2199
32,single_mlp,4,0.9,0.9995452478399273,5.107776261937244,10,2199
32,xgboost,0,0.9,0.9995452478399273,4.824465666211914,10,2199
32,xgboost,1,0.9,1.0,4.95725329695316,10,2199
32,xgboost,2,0.9,0.9990904956798545,4.68030923146885,10,2199
32,xgboost,3,0.9,0.9995452478399273,4.91268758526603,10,2199
32,xgboost,4,0.9,0.9990904956798545,4.691678035470669,10,2199
3549,catboost,0,0.9,1.0,3.0118343195266273,4,169
3549,catboost,1,0.9,1.0,3.201183431952663,4,169
3549,catboost,2,0.9,1.0,3.2071005917159763,4,169
3549,catboost,3,0.9,1.0,2.9763313609467454,4,169
3549,catboost,4,0.9,1.0,3.2071005917159763,4,169
3549,deep_ensemble,0,0.9,1.0,3.3550295857988166,4,169
3549,deep_ensemble,1,0.9,1.0,3.502958579881657,4,169
3549,deep_ensemble,2,0.9,1.0,3.3136094674556213,4,169
3549,deep_ensemble,3,0.9,1.0,3.3846153846153846,4,169
3549,deep_ensemble,4,0.9,1.0,3.455621301775148,4,169
3549,lgbm,0,0.9,1.0,2.9171597633136095,4,169
3549,lgbm,1,0.9,1.0,3.0828402366863905,4,169
3549,lgbm,2,0.9,1.0,3.1124260355029585,4,169
3549,lgbm,3,0.9,1.0,2.9763313609467454,4,169
3549,lgbm,4,0.9,1.0,2.964497041420118,4,169
3549,mc_dropout,0,0.9,1.0,3.1420118343195265,4,169
3549,mc_dropout,1,0.9,1.0,3.36094674556213,4,169
3549,mc_dropout,2,0.9,1.0,3.331360946745562,4,169
3549,mc_dropout,3,0.9,1.0,3.455621301775148,4,169
3549,mc_dropout,4,0.9,1.0,3.4437869822485205,4,169
3549,single_mlp,0,0.9,1.0,3.1479289940828403,4,169
3549,single_mlp,1,0.9,1.0,3.3727810650887573,4,169
3549,single_mlp,2,0.9,1.0,3.2840236686390534,4,169
3549,single_mlp,3,0.9,1.0,3.396449704142012,4,169
3549,single_mlp,4,0.9,1.0,3.396449704142012,4,169
3549,xgboost,0,0.9,1.0,2.863905325443787,4,169
3549,xgboost,1,0.9,1.0,2.940828402366864,4,169
3549,xgboost,2,0.9,1.0,2.970414201183432,4,169
3549,xgboost,3,0.9,1.0,2.8757396449704142,4,169
3549,xgboost,4,0.9,1.0,2.970414201183432,4,169
3560,catboost,0,0.9,1.0,6.0,6,160
3560,catboost,1,0.9,1.0,6.0,6,160
3560,catboost,2,0.9,1.0,6.0,6,160
3560,catboost,3,0.9,1.0,6.0,6,160
3560,catboost,4,0.9,1.0,6.0,6,160
3560,deep_ensemble,0,0.9,1.0,6.0,6,160
3560,deep_ensemble,1,0.9,1.0,6.0,6,160
3560,deep_ensemble,2,0.9,1.0,6.0,6,160
3560,deep_ensemble,3,0.9,1.0,6.0,6,160
3560,deep_ensemble,4,0.9,1.0,6.0,6,160
3560,lgbm,0,0.9,1.0,6.0,6,160
3560,lgbm,1,0.9,1.0,6.0,6,160
3560,lgbm,2,0.9,1.0,6.0,6,160
3560,lgbm,3,0.9,1.0,6.0,6,160
3560,lgbm,4,0.9,1.0,6.0,6,160
3560,mc_dropout,0,0.9,1.0,6.0,6,160
3560,mc_dropout,1,0.9,1.0,6.0,6,160
3560,mc_dropout,2,0.9,1.0,6.0,6,160
3560,mc_dropout,3,0.9,1.0,6.0,6,160
3560,mc_dropout,4,0.9,1.0,6.0,6,160
3560,single_mlp,0,0.9,1.0,6.0,6,160
3560,single_mlp,1,0.9,1.0,6.0,6,160
3560,single_mlp,2,0.9,1.0,6.0,6,160
3560,single_mlp,3,0.9,1.0,6.0,6,160
3560,single_mlp,4,0.9,1.0,6.0,6,160
3560,xgboost,0,0.9,1.0,6.0,6,160
3560,xgboost,1,0.9,1.0,6.0,6,160
3560,xgboost,2,0.9,1.0,6.0,6,160
3560,xgboost,3,0.9,1.0,6.0,6,160
3560,xgboost,4,0.9,1.0,6.0,6,160
3573,catboost,0,0.9,0.9999285714285714,4.650428571428572,10,14000
3573,catboost,1,0.9,0.9998571428571429,4.725142857142857,10,14000
3573,catboost,2,0.9,0.9999285714285714,4.715642857142857,10,14000
3573,catboost,3,0.9,1.0,4.619357142857143,10,14000
3573,catboost,4,0.9,0.9999285714285714,4.6313571428571425,10,14000
3573,deep_ensemble,0,0.9,0.9997142857142857,5.286142857142857,10,14000
3573,deep_ensemble,1,0.9,0.9998571428571429,5.279071428571428,10,14000
3573,deep_ensemble,2,0.9,0.9999285714285714,5.3185714285714285,10,14000
3573,deep_ensemble,3,0.9,0.9998571428571429,5.3325,10,14000
3573,deep_ensemble,4,0.9,0.9997142857142857,5.1225,10,14000
3573,lgbm,0,0.9,1.0,5.523285714285715,10,14000
3573,lgbm,1,0.9,1.0,5.555071428571429,10,14000
3573,lgbm,2,0.9,1.0,5.587285714285715,10,14000
3573,lgbm,3,0.9,1.0,5.482571428571428,10,14000
3573,lgbm,4,0.9,1.0,5.547642857142857,10,14000
3573,mc_dropout,0,0.9,0.9995,5.223285714285714,10,14000
3573,mc_dropout,1,0.9,0.9995714285714286,5.121642857142857,10,14000
3573,mc_dropout,2,0.9,0.9997857142857143,5.326,10,14000
3573,mc_dropout,3,0.9,0.9997857142857143,5.309857142857143,10,14000
3573,mc_dropout,4,0.9,0.9995,5.264214285714286,10,14000
3573,single_mlp,0,0.9,0.9993571428571428,6.4417857142857144,10,14000
3573,single_mlp,1,0.9,0.9995714285714286,5.211571428571428,10,14000
3573,single_mlp,2,0.9,0.9998571428571429,5.425785714285714,10,14000
3573,single_mlp,3,0.9,0.9997857142857143,5.4474285714285715,10,14000
3573,single_mlp,4,0.9,0.9994285714285714,5.434285714285714,10,14000
3573,xgboost,0,0.9,1.0,5.0042857142857144,10,14000
3573,xgboost,1,0.9,0.9999285714285714,5.020428571428571,10,14000
3573,xgboost,2,0.9,1.0,5.032285714285714,10,14000
3573,xgboost,3,0.9,1.0,4.986357142857143,10,14000
3573,xgboost,4,0.9,1.0,4.990928571428571,10,14000
3913,catboost,0,0.9,1.0,2.0,2,105
3913,catboost,1,0.9,1.0,2.0,2,105
3913,catboost,2,0.9,1.0,2.0,2,105
3913,catboost,3,0.9,1.0,2.0,2,105
3913,catboost,4,0.9,1.0,2.0,2,105
3913,deep_ensemble,0,0.9,1.0,2.0,2,105
3913,deep_ensemble,1,0.9,1.0,2.0,2,105
3913,deep_ensemble,2,0.9,1.0,2.0,2,105
3913,deep_ensemble,3,0.9,1.0,2.0,2,105
3913,deep_ensemble,4,0.9,1.0,2.0,2,105
3913,lgbm,0,0.9,1.0,2.0,2,105
3913,lgbm,1,0.9,1.0,2.0,2,105
3913,lgbm,2,0.9,1.0,2.0,2,105
3913,lgbm,3,0.9,1.0,2.0,2,105
3913,lgbm,4,0.9,1.0,2.0,2,105
3913,mc_dropout,0,0.9,1.0,2.0,2,105
3913,mc_dropout,1,0.9,1.0,2.0,2,105
3913,mc_dropout,2,0.9,1.0,2.0,2,105
3913,mc_dropout,3,0.9,1.0,2.0,2,105
3913,mc_dropout,4,0.9,1.0,2.0,2,105
3913,single_mlp,0,0.9,1.0,2.0,2,105
3913,single_mlp,1,0.9,1.0,2.0,2,105
3913,single_mlp,2,0.9,1.0,2.0,2,105
3913,single_mlp,3,0.9,1.0,2.0,2,105
3913,single_mlp,4,0.9,1.0,2.0,2,105
3913,xgboost,0,0.9,1.0,2.0,2,105
3913,xgboost,1,0.9,1.0,2.0,2,105
3913,xgboost,2,0.9,1.0,2.0,2,105
3913,xgboost,3,0.9,1.0,2.0,2,105
3913,xgboost,4,0.9,1.0,2.0,2,105
45,catboost,0,0.9,1.0,2.456112852664577,3,638
45,catboost,1,0.9,1.0,2.446708463949843,3,638
45,catboost,2,0.9,1.0,2.407523510971787,3,638
45,catboost,3,0.9,0.9968652037617555,2.4780564263322886,3,638
45,catboost,4,0.9,0.9984326018808778,2.4482758620689653,3,638
45,deep_ensemble,0,0.9,1.0,2.7210031347962382,3,638
45,deep_ensemble,1,0.9,1.0,2.666144200626959,3,638
45,deep_ensemble,2,0.9,1.0,2.6724137931034484,3,638
45,deep_ensemble,3,0.9,0.9984326018808778,2.7163009404388716,3,638
45,deep_ensemble,4,0.9,0.9984326018808778,2.739811912225705,3,638
45,lgbm,0,0.9,1.0,2.4827586206896552,3,638
45,lgbm,1,0.9,1.0,2.5344827586206895,3,638
45,lgbm,2,0.9,1.0,2.4858934169278997,3,638
45,lgbm,3,0.9,1.0,2.5642633228840124,3,638
45,lgbm,4,0.9,1.0,2.5579937304075235,3,638
45,mc_dropout,0,0.9,1.0,2.725705329153605,3,638
45,mc_dropout,1,0.9,1.0,2.699059561128527,3,638
45,mc_dropout,2,0.9,1.0,2.74294670846395,3,638
45,mc_dropout,3,0.9,0.9984326018808778,2.738244514106583,3,638
45,mc_dropout,4,0.9,0.9984326018808778,2.727272727272727,3,638
45,single_mlp,0,0.9,1.0,2.7225705329153604,3,638
45,single_mlp,1,0.9,1.0,2.664576802507837,3,638
45,single_mlp,2,0.9,1.0,2.739811912225705,3,638
45,single_mlp,3,0.9,0.9968652037617555,2.7210031347962382,3,638
45,single_mlp,4,0.9,0.9984326018808778,2.750783699059561,3,638
45,xgboost,0,0.9,1.0,2.518808777429467,3,638
45,xgboost,1,0.9,1.0,2.6128526645768027,3,638
45,xgboost,2,0.9,1.0,2.510971786833856,3,638
45,xgboost,3,0.9,1.0,2.572100313479624,3,638
45,xgboost,4,0.9,0.9984326018808778,2.5517241379310347,3,638
49,catboost,0,0.9,1.0,1.8854166666666667,2,192
49,catboost,1,0.9,1.0,1.9635416666666667,2,192
49,catboost,2,0.9,1.0,1.9166666666666667,2,192
49,catboost,3,0.9,1.0,1.9583333333333333,2,192
49,catboost,4,0.9,1.0,1.8802083333333333,2,192
49,deep_ensemble,0,0.9,1.0,1.96875,2,192
49,deep_ensemble,1,0.9,1.0,1.9635416666666667,2,192
49,deep_ensemble,2,0.9,1.0,1.9947916666666667,2,192
49,deep_ensemble,3,0.9,1.0,2.0,2,192
49,deep_ensemble,4,0.9,1.0,2.0,2,192
49,lgbm,0,0.9,1.0,1.890625,2,192
49,lgbm,1,0.9,1.0,1.9479166666666667,2,192
49,lgbm,2,0.9,1.0,1.90625,2,192
49,lgbm,3,0.9,1.0,1.9270833333333333,2,192
49,lgbm,4,0.9,1.0,1.8958333333333333,2,192
49,mc_dropout,0,0.9,1.0,1.9739583333333333,2,192
49,mc_dropout,1,0.9,1.0,1.96875,2,192
49,mc_dropout,2,0.9,1.0,2.0,2,192
49,mc_dropout,3,0.9,1.0,2.0,2,192
49,mc_dropout,4,0.9,1.0,2.0,2,192
49,single_mlp,0,0.9,1.0,1.9635416666666667,2,192
49,single_mlp,1,0.9,1.0,1.9635416666666667,2,192
49,single_mlp,2,0.9,1.0,2.0,2,192
49,single_mlp,3,0.9,1.0,2.0,2,192
49,single_mlp,4,0.9,1.0,2.0,2,192
49,xgboost,0,0.9,1.0,1.9114583333333333,2,192
49,xgboost,1,0.9,1.0,1.921875,2,192
49,xgboost,2,0.9,1.0,1.9010416666666667,2,192
49,xgboost,3,0.9,1.0,1.9322916666666667,2,192
49,xgboost,4,0.9,1.0,1.921875,2,192
6,catboost,0,0.9,1.0,8.21075,26,4000
6,catboost,1,0.9,1.0,8.21625,26,4000
6,catboost,2,0.9,1.0,8.57375,26,4000
6,catboost,3,0.9,1.0,8.42,26,4000
6,catboost,4,0.9,1.0,8.43775,26,4000
6,deep_ensemble,0,0.9,1.0,8.8805,26,4000
6,deep_ensemble,1,0.9,1.0,10.21175,26,4000
6,deep_ensemble,2,0.9,1.0,9.3535,26,4000
6,deep_ensemble,3,0.9,1.0,9.3055,26,4000
6,deep_ensemble,4,0.9,1.0,10.29625,26,4000
6,lgbm,0,0.9,1.0,10.7565,26,4000
6,lgbm,1,0.9,1.0,10.638,26,4000
6,lgbm,2,0.9,0.99975,10.79725,26,4000
6,lgbm,3,0.9,1.0,10.74775,26,4000
6,lgbm,4,0.9,1.0,10.85025,26,4000
6,mc_dropout,0,0.9,1.0,7.21,26,4000
6,mc_dropout,1,0.9,1.0,7.4865,26,4000
6,mc_dropout,2,0.9,1.0,7.35,26,4000
6,mc_dropout,3,0.9,1.0,7.2925,26,4000
6,mc_dropout,4,0.9,1.0,7.52475,26,4000
6,single_mlp,0,0.9,1.0,8.5565,26,4000
6,single_mlp,1,0.9,1.0,10.227,26,4000
6,single_mlp,2,0.9,1.0,9.107,26,4000
6,single_mlp,3,0.9,1.0,15.33725,26,4000
6,single_mlp,4,0.9,1.0,10.15175,26,4000
6,xgboost,0,0.9,1.0,9.48725,26,4000
6,xgboost,1,0.9,1.0,9.395,26,4000
6,xgboost,2,0.9,0.99975,9.37925,26,4000
6,xgboost,3,0.9,1.0,9.30125,26,4000
6,xgboost,4,0.9,1.0,9.29675,26,4000
9946,catboost,0,0.9,1.0,1.9385964912280702,2,114
9946,catboost,1,0.9,1.0,1.9736842105263157,2,114
9946,catboost,2,0.9,1.0,1.9736842105263157,2,114
9946,catboost,3,0.9,1.0,1.9824561403508771,2,114
9946,catboost,4,0.9,1.0,1.9298245614035088,2,114
9946,deep_ensemble,0,0.9,1.0,1.9824561403508771,2,114
9946,deep_ensemble,1,0.9,1.0,1.9385964912280702,2,114
9946,deep_ensemble,2,0.9,1.0,1.9649122807017543,2,114
9946,deep_ensemble,3,0.9,1.0,1.894736842105263,2,114
9946,deep_ensemble,4,0.9,1.0,1.9912280701754386,2,114
9946,lgbm,0,0.9,1.0,1.9912280701754386,2,114
9946,lgbm,1,0.9,1.0,1.9912280701754386,2,114
9946,lgbm,2,0.9,1.0,1.9649122807017543,2,114
9946,lgbm,3,0.9,1.0,1.9736842105263157,2,114
9946,lgbm,4,0.9,1.0,1.9649122807017543,2,114
9946,mc_dropout,0,0.9,1.0,1.9736842105263157,2,114
9946,mc_dropout,1,0.9,1.0,1.956140350877193,2,114
9946,mc_dropout,2,0.9,1.0,1.9736842105263157,2,114
9946,mc_dropout,3,0.9,1.0,1.9035087719298245,2,114
9946,mc_dropout,4,0.9,1.0,1.9912280701754386,2,114
9946,single_mlp,0,0.9,1.0,1.9912280701754386,2,114
9946,single_mlp,1,0.9,1.0,1.9649122807017543,2,114
9946,single_mlp,2,0.9,1.0,1.9649122807017543,2,114
9946,single_mlp,3,0.9,1.0,1.9035087719298245,2,114
9946,single_mlp,4,0.9,1.0,1.9912280701754386,2,114
9946,xgboost,0,0.9,1.0,1.9649122807017543,2,114
9946,xgboost,1,0.9,1.0,1.9473684210526316,2,114
9946,xgboost,2,0.9,1.0,1.9649122807017543,2,114
9946,xgboost,3,0.9,1.0,1.9736842105263157,2,114
9946,xgboost,4,0.9,1.0,1.9736842105263157,2,114
9960,catboost,0,0.9,1.0,2.4413919413919416,4,1092
9960,catboost,1,0.9,1.0,2.3965201465201464,4,1092
9960,catboost,2,0.9,1.0,2.4945054945054945,4,1092
9960,catboost,3,0.9,1.0,2.53021978021978,4,1092
9960,catboost,4,0.9,1.0,2.3846153846153846,4,1092
9960,deep_ensemble,0,0.9,1.0,2.7957875457875456,4,1092
9960,deep_ensemble,1,0.9,0.9981684981684982,2.6950549450549453,4,1092
9960,deep_ensemble,2,0.9,0.9990842490842491,2.892857142857143,4,1092
9960,deep_ensemble,3,0.9,0.9990842490842491,2.7866300366300365,4,1092
9960,deep_ensemble,4,0.9,0.9981684981684982,2.769230769230769,4,1092
9960,lgbm,0,0.9,1.0,2.5476190476190474,4,1092
9960,lgbm,1,0.9,1.0,3.0595238095238093,4,1092
9960,lgbm,2,0.9,1.0,2.8543956043956045,4,1092
9960,lgbm,3,0.9,1.0,2.4862637362637363,4,1092
9960,lgbm,4,0.9,1.0,2.980769230769231,4,1092
9960,mc_dropout,0,0.9,1.0,2.7454212454212454,4,1092
9960,mc_dropout,1,0.9,0.9990842490842491,2.6794871794871793,4,1092
9960,mc_dropout,2,0.9,0.9990842490842491,2.8525641025641026,4,1092
9960,mc_dropout,3,0.9,0.9990842490842491,2.63003663003663,4,1092
9960,mc_dropout,4,0.9,0.9990842490842491,2.781135531135531,4,1092
9960,single_mlp,0,0.9,1.0,2.8342490842490844,4,1092
9960,single_mlp,1,0.9,0.9981684981684982,2.8223443223443225,4,1092
9960,single_mlp,2,0.9,0.9990842490842491,2.9532967032967035,4,1092
9960,single_mlp,3,0.9,0.9990842490842491,2.793040293040293,4,1092
9960,single_mlp,4,0.9,0.9990842490842491,2.9065934065934065,4,1092
9960,xgboost,0,0.9,1.0,2.598901098901099,4,1092
9960,xgboost,1,0.9,1.0,2.902014652014652,4,1092
9960,xgboost,2,0.9,1.0,2.931318681318681,4,1092
9960,xgboost,3,0.9,1.0,2.9661172161172162,4,1092
9960,xgboost,4,0.9,1.0,2.7142857142857144,4,1092
9985,catboost,0,0.9,0.9656862745098039,4.322712418300654,6,1224
9985,catboost,1,0.9,0.9648692810457516,4.52859477124183,6,1224
9985,catboost,2,0.9,0.9648692810457516,4.351307189542483,6,1224
9985,catboost,3,0.9,0.9697712418300654,4.415032679738562,6,1224
9985,catboost,4,0.9,0.9730392156862745,4.551470588235294,6,1224
9985,deep_ensemble,0,0.9,0.9722222222222222,4.705882352941177,6,1224
9985,deep_ensemble,1,0.9,0.9665032679738562,4.6952614379084965,6,1224
9985,deep_ensemble,2,0.9,0.9746732026143791,4.562908496732026,6,1224
9985,deep_ensemble,3,0.9,0.9681372549019608,4.58578431372549,6,1224
9985,deep_ensemble,4,0.9,0.9795751633986928,4.998366013071895,6,1224
9985,lgbm,0,0.9,0.9771241830065359,4.546568627450981,6,1224
9985,lgbm,1,0.9,0.9656862745098039,4.466503267973856,6,1224
9985,lgbm,2,0.9,0.9714052287581699,4.665849673202614,6,1224
9985,lgbm,3,0.9,0.9714052287581699,4.538398692810458,6,1224
9985,lgbm,4,0.9,0.9787581699346405,4.671568627450981,6,1224
9985,mc_dropout,0,0.9,0.9771241830065359,4.784313725490196,6,1224
9985,mc_dropout,1,0.9,0.9624183006535948,4.5661764705882355,6,1224
9985,mc_dropout,2,0.9,0.9689542483660131,4.5816993464052285,6,1224
9985,mc_dropout,3,0.9,0.9607843137254902,4.525326797385621,6,1224
9985,mc_dropout,4,0.9,0.9771241830065359,4.998366013071895,6,1224
9985,single_mlp,0,0.9,0.9763071895424836,4.912581699346405,6,1224
9985,single_mlp,1,0.9,0.9673202614379085,4.67483660130719,6,1224
9985,single_mlp,2,0.9,0.9779411764705882,4.662581699346405,6,1224
9985,single_mlp,3,0.9,0.9616013071895425,4.559640522875817,6,1224
9985,single_mlp,4,0.9,0.9771241830065359,4.996732026143791,6,1224
9985,xgboost,0,0.9,0.9738562091503268,4.462418300653595,6,1224
9985,xgboost,1,0.9,0.9624183006535948,4.441993464052287,6,1224
9985,xgboost,2,0.9,0.9697712418300654,4.4640522875816995,6,1224
9985,xgboost,3,0.9,0.9697712418300654,4.397875816993464,6,1224
9985,xgboost,4,0.9,0.9754901960784313,4.481209150326797,6,1224
