task_id,dataset_name,n_samples,regime,n_classes,model_label,nll_ts,ece_ts,brier_ts
6,letter,20000,large,26,SingleMLP_Fixed,0.0847133994102478,0.0051710231093068,0.041852667927742
6,letter,20000,large,26,SingleMLP_Tuned,0.0824426487088203,0.0062330058390895,0.0404751449823379
6,letter,20000,large,26,LightGBM,0.1358883082866668,0.00639498732239,0.0635748133063316
6,letter,20000,large,26,XGBoost,0.1412623822689056,0.0077391107082367,0.0656933933496475
6,letter,20000,large,26,DeepEnsemble_M5,0.0721199288964271,0.0049870578423142,0.0354534089565277
14,mfeat-fourier,2000,medium,10,SingleMLP_Fixed,0.4845134019851684,0.0566813000167409,0.2546922564506531
14,mfeat-fourier,2000,medium,10,SingleMLP_Tuned,0.4570268988609314,0.0464429545029997,0.2386868298053741
14,mfeat-fourier,2000,medium,10,LightGBM,0.4581152200698852,0.0491590954860051,0.2481214106082916
14,mfeat-fourier,2000,medium,10,XGBoost,0.461703896522522,0.0468168520679076,0.2470873594284057
14,mfeat-fourier,2000,medium,10,DeepEnsemble_M5,0.4560639560222626,0.0509467016160488,0.2445921003818512
15,breast-w,699,small,2,SingleMLP_Fixed,0.099674254655838,0.0220044858398891,0.0468436814844608
15,breast-w,699,small,2,SingleMLP_Tuned,0.1010922342538833,0.0201976882559912,0.0473681092262268
15,breast-w,699,small,2,LightGBM,0.0995548367500305,0.0229664578324272,0.0515347085893154
15,breast-w,699,small,2,XGBoost,0.1044496595859527,0.0268342707838331,0.0534980371594429
15,breast-w,699,small,2,DeepEnsemble_M5,0.0961520597338676,0.0236998582170123,0.0460084713995456
18,mfeat-morphological,2000,medium,10,SingleMLP_Fixed,0.5919201374053955,0.0486562294016281,0.313172310590744
18,mfeat-morphological,2000,medium,10,SingleMLP_Tuned,0.5836460590362549,0.0415950723489125,0.3121667206287384
18,mfeat-morphological,2000,medium,10,LightGBM,0.6774299740791321,0.0658857824156681,0.3590019345283508
18,mfeat-morphological,2000,medium,10,XGBoost,0.6863220930099487,0.0781112904846668,0.3629518151283264
18,mfeat-morphological,2000,medium,10,DeepEnsemble_M5,0.5846327543258667,0.0452304867158333,0.3147749304771423
23,cmc,1473,medium,3,SingleMLP_Fixed,0.9233250617980956,0.0611166077818574,0.5518884062767029
23,cmc,1473,medium,3,SingleMLP_Tuned,0.915332853794098,0.0675199870335853,0.5370227694511414
23,cmc,1473,medium,3,LightGBM,0.915834367275238,0.0765505522657922,0.5451828241348267
23,cmc,1473,medium,3,XGBoost,0.909679353237152,0.0629146286323245,0.5430173873901367
23,cmc,1473,medium,3,DeepEnsemble_M5,0.9186858534812928,0.0642833742381489,0.5438145995140076
29,credit-approval,690,small,2,SingleMLP_Fixed,0.3725063800811767,0.0682694832771872,0.2209037393331527
29,credit-approval,690,small,2,SingleMLP_Tuned,0.3617193698883056,0.0617438736169234,0.2148264646530151
29,credit-approval,690,small,2,LightGBM,0.3183535039424896,0.0653191233314753,0.1885055899620056
29,credit-approval,690,small,2,XGBoost,0.3479063510894775,0.0702464689955043,0.206630453467369
29,credit-approval,690,small,2,DeepEnsemble_M5,0.3586965501308441,0.0587669085477285,0.2094634920358657
32,pendigits,10992,large,10,SingleMLP_Fixed,0.0300854295492172,0.0035622584037352,0.0100219529122114
32,pendigits,10992,large,10,SingleMLP_Tuned,0.0234198421239852,0.0027576959167481,0.0080687403678894
32,pendigits,10992,large,10,LightGBM,0.0403870940208435,0.0051022138363558,0.0174807719886302
32,pendigits,10992,large,10,XGBoost,0.0408007204532623,0.0047025822890207,0.0172534249722957
32,pendigits,10992,large,10,DeepEnsemble_M5,0.02570591121912,0.0028380487061674,0.008327292278409
45,splice,3190,medium,3,SingleMLP_Fixed,0.4068603515625,0.0326448615286168,0.2319648712873459
45,splice,3190,medium,3,SingleMLP_Tuned,0.3948659002780914,0.0303910387409393,0.2292395532131195
45,splice,3190,medium,3,LightGBM,0.1005300059914588,0.0158243467534971,0.0516857355833053
45,splice,3190,medium,3,XGBoost,0.1020521447062492,0.0165430292907553,0.0540188997983932
45,splice,3190,medium,3,DeepEnsemble_M5,0.374296098947525,0.0358551906474331,0.2118597030639648
49,tic-tac-toe,958,small,2,SingleMLP_Fixed,0.2313566207885742,0.0426413636240694,0.1354015469551086
49,tic-tac-toe,958,small,2,SingleMLP_Tuned,0.1585723608732223,0.0315753955187069,0.0913305580615997
49,tic-tac-toe,958,small,2,LightGBM,0.0079548684880137,0.0061164090616835,0.0016191285103559
49,tic-tac-toe,958,small,2,XGBoost,0.0157312657684087,0.0099093184495965,0.0085455570369958
49,tic-tac-toe,958,small,2,DeepEnsemble_M5,0.2191172391176223,0.0325128664779994,0.1263816207647323
219,electricity,45312,large,2,SingleMLP_Fixed,0.3808373510837555,0.0072219597244978,0.242948368191719
219,electricity,45312,large,2,SingleMLP_Tuned,0.3649816513061523,0.007633979572896,0.2316167503595352
219,electricity,45312,large,2,LightGBM,0.2033028751611709,0.006664910476588,0.1223363503813743
219,electricity,45312,large,2,XGBoost,0.2367991954088211,0.0096768274475263,0.1450305432081222
219,electricity,45312,large,2,DeepEnsemble_M5,0.3749609291553497,0.0113287222114007,0.2411461472511291
2074,satimage,6430,medium,6,SingleMLP_Fixed,0.249300330877304,0.0170374248561122,0.134546160697937
2074,satimage,6430,medium,6,SingleMLP_Tuned,0.2347725331783294,0.0165135834024259,0.1299964040517807
2074,satimage,6430,medium,6,LightGBM,0.2338024973869323,0.0204116220437782,0.1234355792403221
2074,satimage,6430,medium,6,XGBoost,0.2348988056182861,0.0153063160187225,0.1250328421592712
2074,satimage,6430,medium,6,DeepEnsemble_M5,0.2318453937768936,0.0192727186925179,0.1265418827533722
2079,eucalyptus,736,small,5,SingleMLP_Fixed,0.8591534495353699,0.1074892181131216,0.4744386374950409
2079,eucalyptus,736,small,5,SingleMLP_Tuned,0.8287652730941772,0.0993194488791732,0.4632616937160492
2079,eucalyptus,736,small,5,LightGBM,0.8628025650978088,0.118303470514916,0.4780082702636719
2079,eucalyptus,736,small,5,XGBoost,0.8441091179847717,0.1239804103299304,0.4789491593837738
2079,eucalyptus,736,small,5,DeepEnsemble_M5,0.8598857522010803,0.0878913191793201,0.4737548232078552
3021,sick,3772,medium,2,SingleMLP_Fixed,0.0832865610718727,0.0107625695253839,0.044900357723236
3021,sick,3772,medium,2,SingleMLP_Tuned,0.0832865610718727,0.0107625695253839,0.044900357723236
3021,sick,3772,medium,2,LightGBM,0.0393813177943229,0.0094077436339775,0.0234580133110284
3021,sick,3772,medium,2,XGBoost,0.0425432063639164,0.009737387608745,0.0238737817853689
3021,sick,3772,medium,2,DeepEnsemble_M5,0.0795158445835113,0.0094419647263112,0.0411106683313846
3022,vowel,990,small,11,SingleMLP_Fixed,0.1862124502658844,0.0420225053423583,0.0884267911314964
3022,vowel,990,small,11,SingleMLP_Tuned,0.1606847047805786,0.0374151768808814,0.0819700136780738
3022,vowel,990,small,11,LightGBM,0.5163627862930298,0.0503125545452741,0.2326406091451645
3022,vowel,990,small,11,XGBoost,0.5337598919868469,0.0572969826684656,0.2487231492996215
3022,vowel,990,small,11,DeepEnsemble_M5,0.1722978800535202,0.0415782245120616,0.0910182744264602
3549,analcatdata_authorship,841,small,4,SingleMLP_Fixed,0.0081544313579797,0.0076045810118229,0.0054291929118335
3549,analcatdata_authorship,841,small,4,SingleMLP_Tuned,0.0180695466697216,0.0089232872223713,0.0118053210899233
3549,analcatdata_authorship,841,small,4,LightGBM,0.0519119538366794,0.0114374989588585,0.0264865774661302
3549,analcatdata_authorship,841,small,4,XGBoost,0.0644475817680358,0.0162209475769328,0.0353724397718906
3549,analcatdata_authorship,841,small,4,DeepEnsemble_M5,0.0090323258191347,0.005078433533392,0.0029620556160807
3560,analcatdata_dmft,797,small,6,SingleMLP_Fixed,1.7768867015838623,0.0255816148594021,0.8284414410591125
3560,analcatdata_dmft,797,small,6,SingleMLP_Tuned,1.7784169912338257,0.0391746633686125,0.8293378949165344
3560,analcatdata_dmft,797,small,6,LightGBM,1.771628737449646,0.0216643147791425,0.8260475993156433
3560,analcatdata_dmft,797,small,6,XGBoost,1.777559518814087,0.0178524231848617,0.8286468386650085
3560,analcatdata_dmft,797,small,6,DeepEnsemble_M5,1.7737901210784912,0.0284017841642101,0.8274486660957336
3573,mnist_784,70000,large,10,SingleMLP_Fixed,0.0873702242970466,0.0030119452519076,0.0381312519311904
3573,mnist_784,70000,large,10,SingleMLP_Tuned,0.0882409811019897,0.0032212385613293,0.0381278172135353
3573,mnist_784,70000,large,10,LightGBM,0.0788865089416503,0.0031652187318319,0.0369215011596679
3573,mnist_784,70000,large,10,XGBoost,0.0777566060423851,0.0028141996413469,0.036945391446352
3573,mnist_784,70000,large,10,DeepEnsemble_M5,0.0718675702810287,0.0042243190088442,0.0329498462378978
3913,kc2,522,small,2,SingleMLP_Fixed,0.4136260747909546,0.0873707601002284,0.253928005695343
3913,kc2,522,small,2,SingleMLP_Tuned,0.3735943734645843,0.0829338546783205,0.2272510826587677
3913,kc2,522,small,2,LightGBM,0.3836661279201507,0.0938076305010962,0.234653890132904
3913,kc2,522,small,2,XGBoost,0.4039428830146789,0.077911330972399,0.2470673322677612
3913,kc2,522,small,2,DeepEnsemble_M5,0.3685067892074585,0.0671259779778737,0.2238253504037857
9946,wdbc,569,small,2,SingleMLP_Fixed,0.0846816524863243,0.026040343338983,0.0476878993213176
9946,wdbc,569,small,2,SingleMLP_Tuned,0.0707317888736724,0.0234780876260054,0.0372342839837074
9946,wdbc,569,small,2,LightGBM,0.1292880773544311,0.0275701202495753,0.0695187970995903
9946,wdbc,569,small,2,XGBoost,0.1125100925564765,0.0327119815070726,0.0649886801838874
9946,wdbc,569,small,2,DeepEnsemble_M5,0.0832616239786148,0.025416276259729,0.0370877906680107
9960,wall-robot-navigation,5456,medium,4,SingleMLP_Fixed,0.2655085623264313,0.0187574640480444,0.13875113427639
9960,wall-robot-navigation,5456,medium,4,SingleMLP_Tuned,0.2019723951816558,0.0153848840621947,0.1120567247271537
9960,wall-robot-navigation,5456,medium,4,LightGBM,0.016265045851469,0.0023603856345236,0.0070149400271475
9960,wall-robot-navigation,5456,medium,4,XGBoost,0.0136863533407449,0.0033105707503354,0.0061940476298332
9960,wall-robot-navigation,5456,medium,4,DeepEnsemble_M5,0.2389009594917297,0.0160824079180229,0.1294344663619995
9985,first-order-theorem-proving,6118,medium,6,SingleMLP_Fixed,1.2489913702011108,0.0304889479948284,0.5928937196731567
9985,first-order-theorem-proving,6118,medium,6,SingleMLP_Tuned,1.2351248264312744,0.0342309039475676,0.5855775475502014
9985,first-order-theorem-proving,6118,medium,6,LightGBM,1.1461411714553833,0.0362629706774531,0.5426915287971497
9985,first-order-theorem-proving,6118,medium,6,XGBoost,1.141085505485535,0.0297805381277352,0.5404577255249023
9985,first-order-theorem-proving,6118,medium,6,DeepEnsemble_M5,1.222998023033142,0.0304936674831349,0.58360755443573
10101,blood-transfusion-service-center,748,small,2,SingleMLP_Fixed,0.4865414500236511,0.0646367679701911,0.3179703652858734
10101,blood-transfusion-service-center,748,small,2,SingleMLP_Tuned,0.477012038230896,0.066493100060357,0.3056585788726806
10101,blood-transfusion-service-center,748,small,2,LightGBM,0.4976328611373901,0.0685182477368249,0.3228174448013305
10101,blood-transfusion-service-center,748,small,2,XGBoost,0.5012279152870178,0.0684145009517669,0.3227822780609131
10101,blood-transfusion-service-center,748,small,2,DeepEnsemble_M5,0.4730574488639831,0.0784211756123437,0.3026783168315887
14952,PhishingWebsites,11055,large,2,SingleMLP_Fixed,0.0878990069031715,0.0075181820319641,0.0524616912007331
14952,PhishingWebsites,11055,large,2,SingleMLP_Tuned,0.0912761837244033,0.0088144205516232,0.054771352559328
14952,PhishingWebsites,11055,large,2,LightGBM,0.0809784680604934,0.0083092911182692,0.0470497235655784
14952,PhishingWebsites,11055,large,2,XGBoost,0.0807489976286888,0.0081994919490799,0.0463851615786552
14952,PhishingWebsites,11055,large,2,DeepEnsemble_M5,0.0860903486609458,0.0072310776547323,0.0514324940741062
14954,cylinder-bands,540,small,2,SingleMLP_Fixed,0.4600118696689605,0.0771414667000005,0.2945521771907806
14954,cylinder-bands,540,small,2,SingleMLP_Tuned,0.4557634890079498,0.0852295796812316,0.2965907454490661
14954,cylinder-bands,540,small,2,LightGBM,0.4363869130611419,0.0784534469798759,0.2737607061862945
14954,cylinder-bands,540,small,2,XGBoost,0.4471509754657745,0.0727534421064235,0.2825086414813995
14954,cylinder-bands,540,small,2,DeepEnsemble_M5,0.4468636214733124,0.0856873676364804,0.28915935754776
14965,bank-marketing,45211,large,2,SingleMLP_Fixed,0.2273705154657364,0.0057617503036166,0.1390060037374496
14965,bank-marketing,45211,large,2,SingleMLP_Tuned,0.2191880345344543,0.0054728146448142,0.1354118734598159
14965,bank-marketing,45211,large,2,LightGBM,0.1987171620130539,0.0110836982740233,0.1244890391826629
14965,bank-marketing,45211,large,2,XGBoost,0.1997402161359787,0.0123158550019893,0.1250128746032714
14965,bank-marketing,45211,large,2,DeepEnsemble_M5,0.2234591245651245,0.00605117187133,0.1372367739677429
14970,har,10299,large,6,SingleMLP_Fixed,0.0475685894489288,0.0067822148016741,0.0257383454591035
14970,har,10299,large,6,SingleMLP_Tuned,0.0376518405973911,0.0056704820745585,0.0171315316110849
14970,har,10299,large,6,LightGBM,0.035448245704174,0.0048072910906813,0.0205732360482215
14970,har,10299,large,6,XGBoost,0.0373354144394397,0.0049979791382755,0.0213959012180566
14970,har,10299,large,6,DeepEnsemble_M5,0.0418974459171295,0.0066302735442868,0.0209161546081304
146195,connect-4,67557,large,3,SingleMLP_Fixed,0.4574362337589264,0.0089557814055795,0.2517388761043548
146195,connect-4,67557,large,3,SingleMLP_Tuned,0.4429492354393005,0.0065370903752754,0.2470278143882751
146195,connect-4,67557,large,3,LightGBM,0.3906099796295166,0.0117059950522882,0.2140237540006637
146195,connect-4,67557,large,3,XGBoost,0.4473088085651397,0.0179012114491268,0.2468487173318863
146195,connect-4,67557,large,3,DeepEnsemble_M5,0.4320319592952728,0.0106747505143475,0.2383975684642791
146800,MiceProtein,1080,medium,8,SingleMLP_Fixed,0.0177521184086799,0.0044390704528784,0.0061503956094384
146800,MiceProtein,1080,medium,8,SingleMLP_Tuned,0.0197292324155569,0.0057166080783914,0.0087284678593277
146800,MiceProtein,1080,medium,8,LightGBM,0.0788375735282898,0.0225489931066094,0.0383385270833969
146800,MiceProtein,1080,medium,8,XGBoost,0.1001221090555191,0.0197763636156364,0.0543219149112701
146800,MiceProtein,1080,medium,8,DeepEnsemble_M5,0.0137774879112839,0.0051545829132751,0.0059418622404336
146819,climate-model-simulation-crashes,540,small,2,SingleMLP_Fixed,0.1474003046751022,0.051606481090004,0.0799079611897468
146819,climate-model-simulation-crashes,540,small,2,SingleMLP_Tuned,0.1311782002449035,0.0486895911119602,0.076893575489521
146819,climate-model-simulation-crashes,540,small,2,LightGBM,0.1213633492588996,0.0436237274128713,0.0700170472264289
146819,climate-model-simulation-crashes,540,small,2,XGBoost,0.122721366584301,0.0394204847606611,0.0722242519259452
146819,climate-model-simulation-crashes,540,small,2,DeepEnsemble_M5,0.1223017051815986,0.0460261226068308,0.0704751834273338
146820,wilt,4839,medium,2,SingleMLP_Fixed,0.0412617549300193,0.0059360634566338,0.0213568359613418
146820,wilt,4839,medium,2,SingleMLP_Tuned,0.0386010706424713,0.0058354380496934,0.0197864715009927
146820,wilt,4839,medium,2,LightGBM,0.051058355718851,0.0075201767986799,0.0276656504720449
146820,wilt,4839,medium,2,XGBoost,0.0515089780092239,0.0083113255251209,0.0268493127077817
146820,wilt,4839,medium,2,DeepEnsemble_M5,0.0380211472511291,0.006785376218068,0.0185125675052404
146821,car,1728,medium,4,SingleMLP_Fixed,0.0447931662201881,0.0121757533394073,0.0268111750483512
146821,car,1728,medium,4,SingleMLP_Tuned,0.024788437411189,0.0108031662098474,0.0136261126026511
146821,car,1728,medium,4,LightGBM,0.0319045335054397,0.0123144457105956,0.0155030451714992
146821,car,1728,medium,4,XGBoost,0.0421714410185813,0.014744902334691,0.0209462326020002
146821,car,1728,medium,4,DeepEnsemble_M5,0.0347253642976284,0.0128428450209556,0.0212818104773759
146825,Fashion-MNIST,70000,large,10,SingleMLP_Fixed,0.3000773191452026,0.0058900771825796,0.1547490209341049
146825,Fashion-MNIST,70000,large,10,SingleMLP_Tuned,0.3003450632095337,0.00618022559051,0.1531390249729156
146825,Fashion-MNIST,70000,large,10,LightGBM,0.2778562605381012,0.0088683742880821,0.1453957110643386
146825,Fashion-MNIST,70000,large,10,XGBoost,0.2640065848827362,0.0063955240267372,0.1393049955368042
146825,Fashion-MNIST,70000,large,10,DeepEnsemble_M5,0.2820042073726654,0.0064502107153336,0.1463701128959655
167119,jungle_chess_2pcs_raw_endgame_complete,44819,large,3,SingleMLP_Fixed,0.2383133620023727,0.0246888641093469,0.1545422375202179
167119,jungle_chess_2pcs_raw_endgame_complete,44819,large,3,SingleMLP_Tuned,0.2061913758516311,0.0226209667984633,0.1369234472513198
167119,jungle_chess_2pcs_raw_endgame_complete,44819,large,3,LightGBM,0.2623821496963501,0.0409055433510209,0.1706550866365432
167119,jungle_chess_2pcs_raw_endgame_complete,44819,large,3,XGBoost,0.2763769924640655,0.0287371504030623,0.1762532740831375
167119,jungle_chess_2pcs_raw_endgame_complete,44819,large,3,DeepEnsemble_M5,0.2369376271963119,0.0249645618529843,0.153169497847557
167120,numerai28.6,96320,large,2,SingleMLP_Fixed,0.6931080222129822,0.0140754878386888,0.4999368488788605
167120,numerai28.6,96320,large,2,SingleMLP_Tuned,0.6920522451400757,0.0048764796653228,0.4989062845706939
167120,numerai28.6,96320,large,2,LightGBM,0.6921393871307373,0.0015803057904605,0.498993843793869
167120,numerai28.6,96320,large,2,XGBoost,0.6920663714408875,0.0031213369478336,0.4989201724529266
167120,numerai28.6,96320,large,2,DeepEnsemble_M5,0.6921924352645874,0.00899749335442,0.4990471601486206
167124,CIFAR_10,60000,large,10,SingleMLP_Fixed,1.3106684684753418,0.0099641741841203,0.5965807437896729
167124,CIFAR_10,60000,large,10,SingleMLP_Tuned,1.2813720703125,0.011265584964719,0.5861415863037109
167124,CIFAR_10,60000,large,10,LightGBM,1.2563107013702393,0.0198502459662656,0.5714552998542786
167124,CIFAR_10,60000,large,10,XGBoost,1.2760614156723022,0.0105123077742755,0.5800581574440002
167124,CIFAR_10,60000,large,10,DeepEnsemble_M5,1.238194704055786,0.0141290859455863,0.5670672059059143
167125,Internet-Advertisements,3279,medium,2,SingleMLP_Fixed,0.0821658447384834,0.0143268058394513,0.0431433580815792
167125,Internet-Advertisements,3279,medium,2,SingleMLP_Tuned,0.0850050896406173,0.0117000507690557,0.0435970686376094
167125,Internet-Advertisements,3279,medium,2,LightGBM,0.0878846794366836,0.0096198572678779,0.0429500937461853
167125,Internet-Advertisements,3279,medium,2,XGBoost,0.0838965773582458,0.009452745227552,0.0423796772956848
167125,Internet-Advertisements,3279,medium,2,DeepEnsemble_M5,0.0864098966121673,0.0107803753297018,0.0445788577198982
